date,ingredient,students_present,meals_served,opening_stock,received_quantity,closing_stock,consumption,day_of_week,month,holiday,current_stock,minimum_stock
2025-04-01,Rice,462,462,420.0,0.0,197.22,222.78,Tuesday,4,0,197.22,100
2025-04-01,Dal,462,462,140.0,0.0,77.78,62.22,Tuesday,4,0,77.78,35
2025-04-01,Wheat,462,462,245.0,0.0,122.93,122.07,Tuesday,4,0,122.93,60
2025-04-01,Oil,462,462,56.0,0.0,29.53,26.47,Tuesday,4,0,29.53,15
2025-04-02,Rice,446,446,197.22,610.25,600.0,207.47,Wednesday,4,0,600.0,100
2025-04-02,Dal,446,446,77.78,186.87,200.0,64.65,Wednesday,4,0,200.0,35
2025-04-02,Wheat,446,446,122.93,338.57,350.0,111.5,Wednesday,4,0,350.0,60
2025-04-02,Oil,446,446,29.53,74.82,80.0,24.35,Wednesday,4,0,80.0,15
2025-04-03,Rice,406,406,600.0,0.0,415.32,184.68,Thursday,4,0,415.32,100
2025-04-03,Dal,406,406,200.0,0.0,143.34,56.66,Thursday,4,0,143.34,35
2025-04-03,Wheat,406,406,350.0,0.0,239.14,110.86,Thursday,4,0,239.14,60
2025-04-03,Oil,406,406,80.0,0.0,58.09,21.91,Thursday,4,0,58.09,15
2025-04-04,Rice,435,435,415.32,0.0,219.74,195.58,Friday,4,0,219.74,100
2025-04-04,Dal,435,435,143.34,0.0,81.92,61.42,Friday,4,0,81.92,35
2025-04-04,Wheat,435,435,239.14,0.0,123.2,115.94,Friday,4,0,123.2,60
2025-04-04,Oil,435,435,58.09,0.0,32.02,26.07,Friday,4,0,32.02,15
2025-04-05,Rice,0,0,219.74,0.0,219.74,0.0,Saturday,4,0,219.74,100
2025-04-05,Dal,0,0,81.92,0.0,81.92,0.0,Saturday,4,0,81.92,35
2025-04-05,Wheat,0,0,123.2,0.0,123.2,0.0,Saturday,4,0,123.2,60
2025-04-05,Oil,0,0,32.02,0.0,32.02,0.0,Saturday,4,0,32.02,15
2025-04-06,Rice,0,0,219.74,0.0,219.74,0.0,Sunday,4,0,219.74,100
2025-04-06,Dal,0,0,81.92,0.0,81.92,0.0,Sunday,4,0,81.92,35
2025-04-06,Wheat,0,0,123.2,0.0,123.2,0.0,Sunday,4,0,123.2,60
2025-04-06,Oil,0,0,32.02,0.0,32.02,0.0,Sunday,4,0,32.02,15
2025-04-07,Rice,434,434,219.74,585.29,600.0,205.03,Monday,4,0,600.0,100
2025-04-07,Dal,434,434,81.92,178.37,200.0,60.29,Monday,4,0,200.0,35
2025-04-07,Wheat,434,434,123.2,341.66,350.0,114.86,Monday,4,0,350.0,60
2025-04-07,Oil,434,434,32.02,93.02,80.0,45.04,Monday,4,0,80.0,15
2025-04-08,Rice,442,442,600.0,0.0,397.21,202.79,Tuesday,4,0,397.21,100
2025-04-08,Dal,442,442,200.0,0.0,137.88,62.12,Tuesday,4,0,137.88,35
2025-04-08,Wheat,442,442,350.0,0.0,223.2,126.8,Tuesday,4,0,223.2,60
2025-04-08,Oil,442,442,80.0,0.0,53.35,26.65,Tuesday,4,0,53.35,15
2025-04-09,Rice,468,468,397.21,0.0,194.16,203.05,Wednesday,4,0,194.16,100
2025-04-09,Dal,468,468,137.88,0.0,74.48,63.4,Wednesday,4,0,74.48,35
2025-04-09,Wheat,468,468,223.2,0.0,102.61,120.59,Wednesday,4,0,102.61,60
2025-04-09,Oil,468,468,53.35,0.0,26.88,26.47,Wednesday,4,0,26.88,15
2025-04-10,Rice,454,454,194.16,613.95,600.0,208.11,Thursday,4,0,600.0,100
2025-04-10,Dal,454,454,74.48,190.65,200.0,65.13,Thursday,4,0,200.0,35
2025-04-10,Wheat,454,454,102.61,368.95,350.0,121.56,Thursday,4,0,350.0,60
2025-04-10,Oil,454,454,26.88,78.25,80.0,25.13,Thursday,4,0,80.0,15
2025-04-11,Rice,475,475,600.0,0.0,382.02,217.98,Friday,4,0,382.02,100
2025-04-11,Dal,475,475,200.0,0.0,134.96,65.04,Friday,4,0,134.96,35
2025-04-11,Wheat,475,475,350.0,0.0,217.12,132.88,Friday,4,0,217.12,60
2025-04-11,Oil,475,475,80.0,0.0,55.19,24.81,Friday,4,0,55.19,15
2025-04-12,Rice,0,0,382.02,0.0,382.02,0.0,Saturday,4,0,382.02,100
2025-04-12,Dal,0,0,134.96,0.0,134.96,0.0,Saturday,4,0,134.96,35
2025-04-12,Wheat,0,0,217.12,0.0,217.12,0.0,Saturday,4,0,217.12,60
2025-04-12,Oil,0,0,55.19,0.0,55.19,0.0,Saturday,4,0,55.19,15
2025-04-13,Rice,0,0,382.02,0.0,382.02,0.0,Sunday,4,0,382.02,100
2025-04-13,Dal,0,0,134.96,0.0,134.96,0.0,Sunday,4,0,134.96,35
2025-04-13,Wheat,0,0,217.12,0.0,217.12,0.0,Sunday,4,0,217.12,60
2025-04-13,Oil,0,0,55.19,0.0,55.19,0.0,Sunday,4,0,55.19,15
2025-04-14,Rice,473,473,382.02,0.0,169.24,212.78,Monday,4,0,169.24,100
2025-04-14,Dal,473,473,134.96,0.0,64.11,70.85,Monday,4,0,64.11,35
2025-04-14,Wheat,473,473,217.12,0.0,86.47,130.65,Monday,4,0,86.47,60
2025-04-14,Oil,473,473,55.19,0.0,29.37,25.82,Monday,4,0,29.37,15
2025-04-15,Rice,459,459,169.24,650.63,600.0,219.87,Tuesday,4,0,600.0,100
2025-04-15,Dal,459,459,64.11,201.86,200.0,65.97,Tuesday,4,0,200.0,35
2025-04-15,Wheat,459,459,86.47,375.55,350.0,112.02,Tuesday,4,0,350.0,60
2025-04-15,Oil,459,459,29.37,75.27,80.0,24.64,Tuesday,4,0,80.0,15
2025-04-16,Rice,488,488,600.0,0.0,376.3,223.7,Wednesday,4,0,376.3,100
2025-04-16,Dal,488,488,200.0,0.0,128.48,71.52,Wednesday,4,0,128.48,35
2025-04-16,Wheat,488,488,350.0,0.0,217.74,132.26,Wednesday,4,0,217.74,60
2025-04-16,Oil,488,488,80.0,0.0,54.74,25.26,Wednesday,4,0,54.74,15
2025-04-17,Rice,429,429,376.3,0.0,161.06,215.24,Thursday,4,0,161.06,100
2025-04-17,Dal,429,429,128.48,0.0,63.35,65.13,Thursday,4,0,63.35,35
2025-04-17,Wheat,429,429,217.74,0.0,103.56,114.18,Thursday,4,0,103.56,60
2025-04-17,Oil,429,429,54.74,0.0,29.87,24.87,Thursday,4,0,29.87,15
2025-04-18,Rice,437,437,161.06,657.47,600.0,218.53,Friday,4,0,600.0,100
2025-04-18,Dal,437,437,63.35,196.21,200.0,59.56,Friday,4,0,200.0,35
2025-04-18,Wheat,437,437,103.56,358.98,350.0,112.54,Friday,4,0,350.0,60
2025-04-18,Oil,437,437,29.87,76.08,80.0,25.95,Friday,4,0,80.0,15
2025-04-19,Rice,0,0,600.0,0.0,600.0,0.0,Saturday,4,0,600.0,100
2025-04-19,Dal,0,0,200.0,0.0,200.0,0.0,Saturday,4,0,200.0,35
2025-04-19,Wheat,0,0,350.0,0.0,350.0,0.0,Saturday,4,0,350.0,60
2025-04-19,Oil,0,0,80.0,0.0,80.0,0.0,Saturday,4,0,80.0,15
2025-04-20,Rice,0,0,600.0,0.0,600.0,0.0,Sunday,4,0,600.0,100
2025-04-20,Dal,0,0,200.0,0.0,200.0,0.0,Sunday,4,0,200.0,35
2025-04-20,Wheat,0,0,350.0,0.0,350.0,0.0,Sunday,4,0,350.0,60
2025-04-20,Oil,0,0,80.0,0.0,80.0,0.0,Sunday,4,0,80.0,15
2025-04-21,Rice,450,450,600.0,0.0,397.52,202.48,Monday,4,0,397.52,100
2025-04-21,Dal,450,450,200.0,0.0,138.49,61.51,Monday,4,0,138.49,35
2025-04-21,Wheat,450,450,350.0,0.0,226.9,123.1,Monday,4,0,226.9,60
2025-04-21,Oil,450,450,80.0,0.0,54.44,25.56,Monday,4,0,54.44,15
2025-04-22,Rice,444,444,397.52,0.0,183.5,214.02,Tuesday,4,0,183.5,100
2025-04-22,Dal,444,444,138.49,0.0,73.06,65.43,Tuesday,4,0,73.06,35
2025-04-22,Wheat,444,444,226.9,0.0,110.89,116.01,Tuesday,4,0,110.89,60
2025-04-22,Oil,444,444,54.44,0.0,31.42,23.02,Tuesday,4,0,31.42,15
2025-04-23,Rice,451,451,183.5,613.08,600.0,196.58,Wednesday,4,0,600.0,100
2025-04-23,Dal,451,451,73.06,192.98,200.0,66.04,Wednesday,4,0,200.0,35
2025-04-23,Wheat,451,451,110.89,354.98,350.0,115.87,Wednesday,4,0,350.0,60
2025-04-23,Oil,451,451,31.42,74.17,80.0,25.59,Wednesday,4,0,80.0,15
2025-04-24,Rice,511,511,600.0,0.0,351.08,248.92,Thursday,4,0,351.08,100
2025-04-24,Dal,511,511,200.0,0.0,126.49,73.51,Thursday,4,0,126.49,35
2025-04-24,Wheat,511,511,350.0,0.0,213.76,136.24,Thursday,4,0,213.76,60
2025-04-24,Oil,511,511,80.0,0.0,51.13,28.87,Thursday,4,0,51.13,15
2025-04-25,Rice,425,425,351.08,0.0,160.13,190.95,Friday,4,0,160.13,100
2025-04-25,Dal,425,425,126.49,0.0,67.03,59.46,Friday,4,0,67.03,35
2025-04-25,Wheat,425,425,213.76,0.0,103.39,110.37,Friday,4,0,103.39,60
2025-04-25,Oil,425,425,51.13,0.0,27.96,23.17,Friday,4,0,27.96,15
2025-04-26,Rice,0,0,160.13,0.0,160.13,0.0,Saturday,4,0,160.13,100
2025-04-26,Dal,0,0,67.03,0.0,67.03,0.0,Saturday,4,0,67.03,35
2025-04-26,Wheat,0,0,103.39,0.0,103.39,0.0,Saturday,4,0,103.39,60
2025-04-26,Oil,0,0,27.96,0.0,27.96,0.0,Saturday,4,0,27.96,15
2025-04-27,Rice,0,0,160.13,0.0,160.13,0.0,Sunday,4,0,160.13,100
2025-04-27,Dal,0,0,67.03,0.0,67.03,0.0,Sunday,4,0,67.03,35
2025-04-27,Wheat,0,0,103.39,0.0,103.39,0.0,Sunday,4,0,103.39,60
2025-04-27,Oil,0,0,27.96,0.0,27.96,0.0,Sunday,4,0,27.96,15
2025-04-28,Rice,435,435,160.13,644.4,600.0,204.53,Monday,4,0,600.0,100
2025-04-28,Dal,435,435,67.03,196.17,200.0,63.2,Monday,4,0,200.0,35
2025-04-28,Wheat,435,435,103.39,356.35,350.0,109.74,Monday,4,0,350.0,60
2025-04-28,Oil,435,435,27.96,78.18,80.0,26.14,Monday,4,0,80.0,15
2025-04-29,Rice,470,470,600.0,0.0,372.46,227.54,Tuesday,4,0,372.46,100
2025-04-29,Dal,470,470,200.0,0.0,133.67,66.33,Tuesday,4,0,133.67,35
2025-04-29,Wheat,470,470,350.0,0.0,224.99,125.01,Tuesday,4,0,224.99,60
2025-04-29,Oil,470,470,80.0,0.0,52.48,27.52,Tuesday,4,0,52.48,15
2025-04-30,Rice,419,419,372.46,0.0,182.98,189.48,Wednesday,4,0,182.98,100
2025-04-30,Dal,419,419,133.67,0.0,69.32,64.35,Wednesday,4,0,69.32,35
2025-04-30,Wheat,419,419,224.99,0.0,105.68,119.31,Wednesday,4,0,105.68,60
2025-04-30,Oil,419,419,52.48,0.0,29.85,22.63,Wednesday,4,0,29.85,15
2025-05-01,Rice,0,0,182.98,0.0,182.98,0.0,Thursday,5,1,182.98,100
2025-05-01,Dal,0,0,69.32,0.0,69.32,0.0,Thursday,5,1,69.32,35
2025-05-01,Wheat,0,0,105.68,0.0,105.68,0.0,Thursday,5,1,105.68,60
2025-05-01,Oil,0,0,29.85,0.0,29.85,0.0,Thursday,5,1,29.85,15
2025-05-02,Rice,0,0,182.98,0.0,182.98,0.0,Friday,5,1,182.98,100
2025-05-02,Dal,0,0,69.32,0.0,69.32,0.0,Friday,5,1,69.32,35
2025-05-02,Wheat,0,0,105.68,0.0,105.68,0.0,Friday,5,1,105.68,60
2025-05-02,Oil,0,0,29.85,0.0,29.85,0.0,Friday,5,1,29.85,15
2025-05-03,Rice,0,0,182.98,0.0,182.98,0.0,Saturday,5,1,182.98,100
2025-05-03,Dal,0,0,69.32,0.0,69.32,0.0,Saturday,5,1,69.32,35
2025-05-03,Wheat,0,0,105.68,0.0,105.68,0.0,Saturday,5,1,105.68,60
2025-05-03,Oil,0,0,29.85,0.0,29.85,0.0,Saturday,5,1,29.85,15
2025-05-04,Rice,0,0,182.98,0.0,182.98,0.0,Sunday,5,1,182.98,100
2025-05-04,Dal,0,0,69.32,0.0,69.32,0.0,Sunday,5,1,69.32,35
2025-05-04,Wheat,0,0,105.68,0.0,105.68,0.0,Sunday,5,1,105.68,60
2025-05-04,Oil,0,0,29.85,0.0,29.85,0.0,Sunday,5,1,29.85,15
2025-05-05,Rice,0,0,182.98,0.0,182.98,0.0,Monday,5,1,182.98,100
2025-05-05,Dal,0,0,69.32,0.0,69.32,0.0,Monday,5,1,69.32,35
2025-05-05,Wheat,0,0,105.68,0.0,105.68,0.0,Monday,5,1,105.68,60
2025-05-05,Oil,0,0,29.85,0.0,29.85,0.0,Monday,5,1,29.85,15
2025-05-06,Rice,0,0,182.98,0.0,182.98,0.0,Tuesday,5,1,182.98,100
2025-05-06,Dal,0,0,69.32,0.0,69.32,0.0,Tuesday,5,1,69.32,35
2025-05-06,Wheat,0,0,105.68,0.0,105.68,0.0,Tuesday,5,1,105.68,60
2025-05-06,Oil,0,0,29.85,0.0,29.85,0.0,Tuesday,5,1,29.85,15
2025-05-07,Rice,0,0,182.98,0.0,182.98,0.0,Wednesday,5,1,182.98,100
2025-05-07,Dal,0,0,69.32,0.0,69.32,0.0,Wednesday,5,1,69.32,35
2025-05-07,Wheat,0,0,105.68,0.0,105.68,0.0,Wednesday,5,1,105.68,60
2025-05-07,Oil,0,0,29.85,0.0,29.85,0.0,Wednesday,5,1,29.85,15
2025-05-08,Rice,0,0,182.98,0.0,182.98,0.0,Thursday,5,1,182.98,100
2025-05-08,Dal,0,0,69.32,0.0,69.32,0.0,Thursday,5,1,69.32,35
2025-05-08,Wheat,0,0,105.68,0.0,105.68,0.0,Thursday,5,1,105.68,60
2025-05-08,Oil,0,0,29.85,0.0,29.85,0.0,Thursday,5,1,29.85,15
2025-05-09,Rice,0,0,182.98,0.0,182.98,0.0,Friday,5,1,182.98,100
2025-05-09,Dal,0,0,69.32,0.0,69.32,0.0,Friday,5,1,69.32,35
2025-05-09,Wheat,0,0,105.68,0.0,105.68,0.0,Friday,5,1,105.68,60
2025-05-09,Oil,0,0,29.85,0.0,29.85,0.0,Friday,5,1,29.85,15
2025-05-10,Rice,0,0,182.98,0.0,182.98,0.0,Saturday,5,1,182.98,100
2025-05-10,Dal,0,0,69.32,0.0,69.32,0.0,Saturday,5,1,69.32,35
2025-05-10,Wheat,0,0,105.68,0.0,105.68,0.0,Saturday,5,1,105.68,60
2025-05-10,Oil,0,0,29.85,0.0,29.85,0.0,Saturday,5,1,29.85,15
2025-05-11,Rice,0,0,182.98,0.0,182.98,0.0,Sunday,5,1,182.98,100
2025-05-11,Dal,0,0,69.32,0.0,69.32,0.0,Sunday,5,1,69.32,35
2025-05-11,Wheat,0,0,105.68,0.0,105.68,0.0,Sunday,5,1,105.68,60
2025-05-11,Oil,0,0,29.85,0.0,29.85,0.0,Sunday,5,1,29.85,15
2025-05-12,Rice,0,0,182.98,0.0,182.98,0.0,Monday,5,1,182.98,100
2025-05-12,Dal,0,0,69.32,0.0,69.32,0.0,Monday,5,1,69.32,35
2025-05-12,Wheat,0,0,105.68,0.0,105.68,0.0,Monday,5,1,105.68,60
2025-05-12,Oil,0,0,29.85,0.0,29.85,0.0,Monday,5,1,29.85,15
2025-05-13,Rice,0,0,182.98,0.0,182.98,0.0,Tuesday,5,1,182.98,100
2025-05-13,Dal,0,0,69.32,0.0,69.32,0.0,Tuesday,5,1,69.32,35
2025-05-13,Wheat,0,0,105.68,0.0,105.68,0.0,Tuesday,5,1,105.68,60
2025-05-13,Oil,0,0,29.85,0.0,29.85,0.0,Tuesday,5,1,29.85,15
2025-05-14,Rice,0,0,182.98,0.0,182.98,0.0,Wednesday,5,1,182.98,100
2025-05-14,Dal,0,0,69.32,0.0,69.32,0.0,Wednesday,5,1,69.32,35
2025-05-14,Wheat,0,0,105.68,0.0,105.68,0.0,Wednesday,5,1,105.68,60
2025-05-14,Oil,0,0,29.85,0.0,29.85,0.0,Wednesday,5,1,29.85,15
2025-05-15,Rice,0,0,182.98,0.0,182.98,0.0,Thursday,5,1,182.98,100
2025-05-15,Dal,0,0,69.32,0.0,69.32,0.0,Thursday,5,1,69.32,35
2025-05-15,Wheat,0,0,105.68,0.0,105.68,0.0,Thursday,5,1,105.68,60
2025-05-15,Oil,0,0,29.85,0.0,29.85,0.0,Thursday,5,1,29.85,15
2025-05-16,Rice,0,0,182.98,0.0,182.98,0.0,Friday,5,1,182.98,100
2025-05-16,Dal,0,0,69.32,0.0,69.32,0.0,Friday,5,1,69.32,35
2025-05-16,Wheat,0,0,105.68,0.0,105.68,0.0,Friday,5,1,105.68,60
2025-05-16,Oil,0,0,29.85,0.0,29.85,0.0,Friday,5,1,29.85,15
2025-05-17,Rice,0,0,182.98,0.0,182.98,0.0,Saturday,5,1,182.98,100
2025-05-17,Dal,0,0,69.32,0.0,69.32,0.0,Saturday,5,1,69.32,35
2025-05-17,Wheat,0,0,105.68,0.0,105.68,0.0,Saturday,5,1,105.68,60
2025-05-17,Oil,0,0,29.85,0.0,29.85,0.0,Saturday,5,1,29.85,15
2025-05-18,Rice,0,0,182.98,0.0,182.98,0.0,Sunday,5,1,182.98,100
2025-05-18,Dal,0,0,69.32,0.0,69.32,0.0,Sunday,5,1,69.32,35
2025-05-18,Wheat,0,0,105.68,0.0,105.68,0.0,Sunday,5,1,105.68,60
2025-05-18,Oil,0,0,29.85,0.0,29.85,0.0,Sunday,5,1,29.85,15
2025-05-19,Rice,0,0,182.98,0.0,182.98,0.0,Monday,5,1,182.98,100
2025-05-19,Dal,0,0,69.32,0.0,69.32,0.0,Monday,5,1,69.32,35
2025-05-19,Wheat,0,0,105.68,0.0,105.68,0.0,Monday,5,1,105.68,60
2025-05-19,Oil,0,0,29.85,0.0,29.85,0.0,Monday,5,1,29.85,15
2025-05-20,Rice,0,0,182.98,0.0,182.98,0.0,Tuesday,5,1,182.98,100
2025-05-20,Dal,0,0,69.32,0.0,69.32,0.0,Tuesday,5,1,69.32,35
2025-05-20,Wheat,0,0,105.68,0.0,105.68,0.0,Tuesday,5,1,105.68,60
2025-05-20,Oil,0,0,29.85,0.0,29.85,0.0,Tuesday,5,1,29.85,15
2025-05-21,Rice,0,0,182.98,0.0,182.98,0.0,Wednesday,5,1,182.98,100
2025-05-21,Dal,0,0,69.32,0.0,69.32,0.0,Wednesday,5,1,69.32,35
2025-05-21,Wheat,0,0,105.68,0.0,105.68,0.0,Wednesday,5,1,105.68,60
2025-05-21,Oil,0,0,29.85,0.0,29.85,0.0,Wednesday,5,1,29.85,15
2025-05-22,Rice,0,0,182.98,0.0,182.98,0.0,Thursday,5,1,182.98,100
2025-05-22,Dal,0,0,69.32,0.0,69.32,0.0,Thursday,5,1,69.32,35
2025-05-22,Wheat,0,0,105.68,0.0,105.68,0.0,Thursday,5,1,105.68,60
2025-05-22,Oil,0,0,29.85,0.0,29.85,0.0,Thursday,5,1,29.85,15
2025-05-23,Rice,0,0,182.98,0.0,182.98,0.0,Friday,5,1,182.98,100
2025-05-23,Dal,0,0,69.32,0.0,69.32,0.0,Friday,5,1,69.32,35
2025-05-23,Wheat,0,0,105.68,0.0,105.68,0.0,Friday,5,1,105.68,60
2025-05-23,Oil,0,0,29.85,0.0,29.85,0.0,Friday,5,1,29.85,15
2025-05-24,Rice,0,0,182.98,0.0,182.98,0.0,Saturday,5,1,182.98,100
2025-05-24,Dal,0,0,69.32,0.0,69.32,0.0,Saturday,5,1,69.32,35
2025-05-24,Wheat,0,0,105.68,0.0,105.68,0.0,Saturday,5,1,105.68,60
2025-05-24,Oil,0,0,29.85,0.0,29.85,0.0,Saturday,5,1,29.85,15
2025-05-25,Rice,0,0,182.98,0.0,182.98,0.0,Sunday,5,1,182.98,100
2025-05-25,Dal,0,0,69.32,0.0,69.32,0.0,Sunday,5,1,69.32,35
2025-05-25,Wheat,0,0,105.68,0.0,105.68,0.0,Sunday,5,1,105.68,60
2025-05-25,Oil,0,0,29.85,0.0,29.85,0.0,Sunday,5,1,29.85,15
2025-05-26,Rice,0,0,182.98,0.0,182.98,0.0,Monday,5,1,182.98,100
2025-05-26,Dal,0,0,69.32,0.0,69.32,0.0,Monday,5,1,69.32,35
2025-05-26,Wheat,0,0,105.68,0.0,105.68,0.0,Monday,5,1,105.68,60
2025-05-26,Oil,0,0,29.85,0.0,29.85,0.0,Monday,5,1,29.85,15
2025-05-27,Rice,0,0,182.98,0.0,182.98,0.0,Tuesday,5,1,182.98,100
2025-05-27,Dal,0,0,69.32,0.0,69.32,0.0,Tuesday,5,1,69.32,35
2025-05-27,Wheat,0,0,105.68,0.0,105.68,0.0,Tuesday,5,1,105.68,60
2025-05-27,Oil,0,0,29.85,0.0,29.85,0.0,Tuesday,5,1,29.85,15
2025-05-28,Rice,0,0,182.98,0.0,182.98,0.0,Wednesday,5,1,182.98,100
2025-05-28,Dal,0,0,69.32,0.0,69.32,0.0,Wednesday,5,1,69.32,35
2025-05-28,Wheat,0,0,105.68,0.0,105.68,0.0,Wednesday,5,1,105.68,60
2025-05-28,Oil,0,0,29.85,0.0,29.85,0.0,Wednesday,5,1,29.85,15
2025-05-29,Rice,0,0,182.98,0.0,182.98,0.0,Thursday,5,1,182.98,100
2025-05-29,Dal,0,0,69.32,0.0,69.32,0.0,Thursday,5,1,69.32,35
2025-05-29,Wheat,0,0,105.68,0.0,105.68,0.0,Thursday,5,1,105.68,60
2025-05-29,Oil,0,0,29.85,0.0,29.85,0.0,Thursday,5,1,29.85,15
2025-05-30,Rice,0,0,182.98,0.0,182.98,0.0,Friday,5,1,182.98,100
2025-05-30,Dal,0,0,69.32,0.0,69.32,0.0,Friday,5,1,69.32,35
2025-05-30,Wheat,0,0,105.68,0.0,105.68,0.0,Friday,5,1,105.68,60
2025-05-30,Oil,0,0,29.85,0.0,29.85,0.0,Friday,5,1,29.85,15
2025-05-31,Rice,0,0,182.98,0.0,182.98,0.0,Saturday,5,1,182.98,100
2025-05-31,Dal,0,0,69.32,0.0,69.32,0.0,Saturday,5,1,69.32,35
2025-05-31,Wheat,0,0,105.68,0.0,105.68,0.0,Saturday,5,1,105.68,60
2025-05-31,Oil,0,0,29.85,0.0,29.85,0.0,Saturday,5,1,29.85,15
2025-06-01,Rice,0,0,182.98,0.0,182.98,0.0,Sunday,6,1,182.98,100
2025-06-01,Dal,0,0,69.32,0.0,69.32,0.0,Sunday,6,1,69.32,35
2025-06-01,Wheat,0,0,105.68,0.0,105.68,0.0,Sunday,6,1,105.68,60
2025-06-01,Oil,0,0,29.85,0.0,29.85,0.0,Sunday,6,1,29.85,15
2025-06-02,Rice,0,0,182.98,0.0,182.98,0.0,Monday,6,1,182.98,100
2025-06-02,Dal,0,0,69.32,0.0,69.32,0.0,Monday,6,1,69.32,35
2025-06-02,Wheat,0,0,105.68,0.0,105.68,0.0,Monday,6,1,105.68,60
2025-06-02,Oil,0,0,29.85,0.0,29.85,0.0,Monday,6,1,29.85,15
2025-06-03,Rice,0,0,182.98,0.0,182.98,0.0,Tuesday,6,1,182.98,100
2025-06-03,Dal,0,0,69.32,0.0,69.32,0.0,Tuesday,6,1,69.32,35
2025-06-03,Wheat,0,0,105.68,0.0,105.68,0.0,Tuesday,6,1,105.68,60
2025-06-03,Oil,0,0,29.85,0.0,29.85,0.0,Tuesday,6,1,29.85,15
2025-06-04,Rice,0,0,182.98,0.0,182.98,0.0,Wednesday,6,1,182.98,100
2025-06-04,Dal,0,0,69.32,0.0,69.32,0.0,Wednesday,6,1,69.32,35
2025-06-04,Wheat,0,0,105.68,0.0,105.68,0.0,Wednesday,6,1,105.68,60
2025-06-04,Oil,0,0,29.85,0.0,29.85,0.0,Wednesday,6,1,29.85,15
2025-06-05,Rice,0,0,182.98,0.0,182.98,0.0,Thursday,6,1,182.98,100
2025-06-05,Dal,0,0,69.32,0.0,69.32,0.0,Thursday,6,1,69.32,35
2025-06-05,Wheat,0,0,105.68,0.0,105.68,0.0,Thursday,6,1,105.68,60
2025-06-05,Oil,0,0,29.85,0.0,29.85,0.0,Thursday,6,1,29.85,15
2025-06-06,Rice,0,0,182.98,0.0,182.98,0.0,Friday,6,1,182.98,100
2025-06-06,Dal,0,0,69.32,0.0,69.32,0.0,Friday,6,1,69.32,35
2025-06-06,Wheat,0,0,105.68,0.0,105.68,0.0,Friday,6,1,105.68,60
2025-06-06,Oil,0,0,29.85,0.0,29.85,0.0,Friday,6,1,29.85,15
2025-06-07,Rice,0,0,182.98,0.0,182.98,0.0,Saturday,6,1,182.98,100
2025-06-07,Dal,0,0,69.32,0.0,69.32,0.0,Saturday,6,1,69.32,35
2025-06-07,Wheat,0,0,105.68,0.0,105.68,0.0,Saturday,6,1,105.68,60
2025-06-07,Oil,0,0,29.85,0.0,29.85,0.0,Saturday,6,1,29.85,15
2025-06-08,Rice,0,0,182.98,0.0,182.98,0.0,Sunday,6,1,182.98,100
2025-06-08,Dal,0,0,69.32,0.0,69.32,0.0,Sunday,6,1,69.32,35
2025-06-08,Wheat,0,0,105.68,0.0,105.68,0.0,Sunday,6,1,105.68,60
2025-06-08,Oil,0,0,29.85,0.0,29.85,0.0,Sunday,6,1,29.85,15
2025-06-09,Rice,0,0,182.98,0.0,182.98,0.0,Monday,6,1,182.98,100
2025-06-09,Dal,0,0,69.32,0.0,69.32,0.0,Monday,6,1,69.32,35
2025-06-09,Wheat,0,0,105.68,0.0,105.68,0.0,Monday,6,1,105.68,60
2025-06-09,Oil,0,0,29.85,0.0,29.85,0.0,Monday,6,1,29.85,15
2025-06-10,Rice,0,0,182.98,0.0,182.98,0.0,Tuesday,6,1,182.98,100
2025-06-10,Dal,0,0,69.32,0.0,69.32,0.0,Tuesday,6,1,69.32,35
2025-06-10,Wheat,0,0,105.68,0.0,105.68,0.0,Tuesday,6,1,105.68,60
2025-06-10,Oil,0,0,29.85,0.0,29.85,0.0,Tuesday,6,1,29.85,15
2025-06-11,Rice,0,0,182.98,0.0,182.98,0.0,Wednesday,6,1,182.98,100
2025-06-11,Dal,0,0,69.32,0.0,69.32,0.0,Wednesday,6,1,69.32,35
2025-06-11,Wheat,0,0,105.68,0.0,105.68,0.0,Wednesday,6,1,105.68,60
2025-06-11,Oil,0,0,29.85,0.0,29.85,0.0,Wednesday,6,1,29.85,15
2025-06-12,Rice,0,0,182.98,0.0,182.98,0.0,Thursday,6,1,182.98,100
2025-06-12,Dal,0,0,69.32,0.0,69.32,0.0,Thursday,6,1,69.32,35
2025-06-12,Wheat,0,0,105.68,0.0,105.68,0.0,Thursday,6,1,105.68,60
2025-06-12,Oil,0,0,29.85,0.0,29.85,0.0,Thursday,6,1,29.85,15
2025-06-13,Rice,0,0,182.98,0.0,182.98,0.0,Friday,6,1,182.98,100
2025-06-13,Dal,0,0,69.32,0.0,69.32,0.0,Friday,6,1,69.32,35
2025-06-13,Wheat,0,0,105.68,0.0,105.68,0.0,Friday,6,1,105.68,60
2025-06-13,Oil,0,0,29.85,0.0,29.85,0.0,Friday,6,1,29.85,15
2025-06-14,Rice,0,0,182.98,0.0,182.98,0.0,Saturday,6,1,182.98,100
2025-06-14,Dal,0,0,69.32,0.0,69.32,0.0,Saturday,6,1,69.32,35
2025-06-14,Wheat,0,0,105.68,0.0,105.68,0.0,Saturday,6,1,105.68,60
2025-06-14,Oil,0,0,29.85,0.0,29.85,0.0,Saturday,6,1,29.85,15
2025-06-15,Rice,0,0,182.98,0.0,182.98,0.0,Sunday,6,1,182.98,100
2025-06-15,Dal,0,0,69.32,0.0,69.32,0.0,Sunday,6,1,69.32,35
2025-06-15,Wheat,0,0,105.68,0.0,105.68,0.0,Sunday,6,1,105.68,60
2025-06-15,Oil,0,0,29.85,0.0,29.85,0.0,Sunday,6,1,29.85,15
2025-06-16,Rice,0,0,182.98,0.0,182.98,0.0,Monday,6,1,182.98,100
2025-06-16,Dal,0,0,69.32,0.0,69.32,0.0,Monday,6,1,69.32,35
2025-06-16,Wheat,0,0,105.68,0.0,105.68,0.0,Monday,6,1,105.68,60
2025-06-16,Oil,0,0,29.85,0.0,29.85,0.0,Monday,6,1,29.85,15
2025-06-17,Rice,0,0,182.98,0.0,182.98,0.0,Tuesday,6,1,182.98,100
2025-06-17,Dal,0,0,69.32,0.0,69.32,0.0,Tuesday,6,1,69.32,35
2025-06-17,Wheat,0,0,105.68,0.0,105.68,0.0,Tuesday,6,1,105.68,60
2025-06-17,Oil,0,0,29.85,0.0,29.85,0.0,Tuesday,6,1,29.85,15
2025-06-18,Rice,0,0,182.98,0.0,182.98,0.0,Wednesday,6,1,182.98,100
2025-06-18,Dal,0,0,69.32,0.0,69.32,0.0,Wednesday,6,1,69.32,35
2025-06-18,Wheat,0,0,105.68,0.0,105.68,0.0,Wednesday,6,1,105.68,60
2025-06-18,Oil,0,0,29.85,0.0,29.85,0.0,Wednesday,6,1,29.85,15
2025-06-19,Rice,0,0,182.98,0.0,182.98,0.0,Thursday,6,1,182.98,100
2025-06-19,Dal,0,0,69.32,0.0,69.32,0.0,Thursday,6,1,69.32,35
2025-06-19,Wheat,0,0,105.68,0.0,105.68,0.0,Thursday,6,1,105.68,60
2025-06-19,Oil,0,0,29.85,0.0,29.85,0.0,Thursday,6,1,29.85,15
2025-06-20,Rice,0,0,182.98,0.0,182.98,0.0,Friday,6,1,182.98,100
2025-06-20,Dal,0,0,69.32,0.0,69.32,0.0,Friday,6,1,69.32,35
2025-06-20,Wheat,0,0,105.68,0.0,105.68,0.0,Friday,6,1,105.68,60
2025-06-20,Oil,0,0,29.85,0.0,29.85,0.0,Friday,6,1,29.85,15
2025-06-21,Rice,0,0,182.98,0.0,182.98,0.0,Saturday,6,1,182.98,100
2025-06-21,Dal,0,0,69.32,0.0,69.32,0.0,Saturday,6,1,69.32,35
2025-06-21,Wheat,0,0,105.68,0.0,105.68,0.0,Saturday,6,1,105.68,60
2025-06-21,Oil,0,0,29.85,0.0,29.85,0.0,Saturday,6,1,29.85,15
2025-06-22,Rice,0,0,182.98,0.0,182.98,0.0,Sunday,6,1,182.98,100
2025-06-22,Dal,0,0,69.32,0.0,69.32,0.0,Sunday,6,1,69.32,35
2025-06-22,Wheat,0,0,105.68,0.0,105.68,0.0,Sunday,6,1,105.68,60
2025-06-22,Oil,0,0,29.85,0.0,29.85,0.0,Sunday,6,1,29.85,15
2025-06-23,Rice,0,0,182.98,0.0,182.98,0.0,Monday,6,1,182.98,100
2025-06-23,Dal,0,0,69.32,0.0,69.32,0.0,Monday,6,1,69.32,35
2025-06-23,Wheat,0,0,105.68,0.0,105.68,0.0,Monday,6,1,105.68,60
2025-06-23,Oil,0,0,29.85,0.0,29.85,0.0,Monday,6,1,29.85,15
2025-06-24,Rice,0,0,182.98,0.0,182.98,0.0,Tuesday,6,1,182.98,100
2025-06-24,Dal,0,0,69.32,0.0,69.32,0.0,Tuesday,6,1,69.32,35
2025-06-24,Wheat,0,0,105.68,0.0,105.68,0.0,Tuesday,6,1,105.68,60
2025-06-24,Oil,0,0,29.85,0.0,29.85,0.0,Tuesday,6,1,29.85,15
2025-06-25,Rice,0,0,182.98,0.0,182.98,0.0,Wednesday,6,1,182.98,100
2025-06-25,Dal,0,0,69.32,0.0,69.32,0.0,Wednesday,6,1,69.32,35
2025-06-25,Wheat,0,0,105.68,0.0,105.68,0.0,Wednesday,6,1,105.68,60
2025-06-25,Oil,0,0,29.85,0.0,29.85,0.0,Wednesday,6,1,29.85,15
2025-06-26,Rice,0,0,182.98,0.0,182.98,0.0,Thursday,6,1,182.98,100
2025-06-26,Dal,0,0,69.32,0.0,69.32,0.0,Thursday,6,1,69.32,35
2025-06-26,Wheat,0,0,105.68,0.0,105.68,0.0,Thursday,6,1,105.68,60
2025-06-26,Oil,0,0,29.85,0.0,29.85,0.0,Thursday,6,1,29.85,15
2025-06-27,Rice,0,0,182.98,0.0,182.98,0.0,Friday,6,1,182.98,100
2025-06-27,Dal,0,0,69.32,0.0,69.32,0.0,Friday,6,1,69.32,35
2025-06-27,Wheat,0,0,105.68,0.0,105.68,0.0,Friday,6,1,105.68,60
2025-06-27,Oil,0,0,29.85,0.0,29.85,0.0,Friday,6,1,29.85,15
2025-06-28,Rice,0,0,182.98,0.0,182.98,0.0,Saturday,6,1,182.98,100
2025-06-28,Dal,0,0,69.32,0.0,69.32,0.0,Saturday,6,1,69.32,35
2025-06-28,Wheat,0,0,105.68,0.0,105.68,0.0,Saturday,6,1,105.68,60
2025-06-28,Oil,0,0,29.85,0.0,29.85,0.0,Saturday,6,1,29.85,15
2025-06-29,Rice,0,0,182.98,0.0,182.98,0.0,Sunday,6,1,182.98,100
2025-06-29,Dal,0,0,69.32,0.0,69.32,0.0,Sunday,6,1,69.32,35
2025-06-29,Wheat,0,0,105.68,0.0,105.68,0.0,Sunday,6,1,105.68,60
2025-06-29,Oil,0,0,29.85,0.0,29.85,0.0,Sunday,6,1,29.85,15
2025-06-30,Rice,0,0,182.98,0.0,182.98,0.0,Monday,6,1,182.98,100
2025-06-30,Dal,0,0,69.32,0.0,69.32,0.0,Monday,6,1,69.32,35
2025-06-30,Wheat,0,0,105.68,0.0,105.68,0.0,Monday,6,1,105.68,60
2025-06-30,Oil,0,0,29.85,0.0,29.85,0.0,Monday,6,1,29.85,15
2025-07-01,Rice,457,457,182.98,612.86,600.0,195.84,Tuesday,7,0,600.0,100
2025-07-01,Dal,457,457,69.32,198.29,200.0,67.61,Tuesday,7,0,200.0,35
2025-07-01,Wheat,457,457,105.68,364.63,350.0,120.31,Tuesday,7,0,350.0,60
2025-07-01,Oil,457,457,29.85,75.4,80.0,25.25,Tuesday,7,0,80.0,15
2025-07-02,Rice,432,432,600.0,0.0,397.04,202.96,Wednesday,7,0,397.04,100
2025-07-02,Dal,432,432,200.0,0.0,134.45,65.55,Wednesday,7,0,134.45,35
2025-07-02,Wheat,432,432,350.0,0.0,232.18,117.82,Wednesday,7,0,232.18,60
2025-07-02,Oil,432,432,80.0,0.0,57.28,22.72,Wednesday,7,0,57.28,15
2025-07-03,Rice,427,427,397.04,0.0,190.58,206.46,Thursday,7,0,190.58,100
2025-07-03,Dal,427,427,134.45,0.0,69.51,64.94,Thursday,7,0,69.51,35
2025-07-03,Wheat,427,427,232.18,0.0,114.93,117.25,Thursday,7,0,114.93,60
2025-07-03,Oil,427,427,57.28,66.49,80.0,43.77,Thursday,7,0,80.0,15
2025-07-04,Rice,429,429,190.58,607.84,600.0,198.42,Friday,7,0,600.0,100
2025-07-04,Dal,429,429,69.51,188.22,200.0,57.73,Friday,7,0,200.0,35
2025-07-04,Wheat,429,429,114.93,347.39,350.0,112.32,Friday,7,0,350.0,60
2025-07-04,Oil,429,429,80.0,0.0,53.99,26.01,Friday,7,0,53.99,15
2025-07-05,Rice,0,0,600.0,0.0,600.0,0.0,Saturday,7,0,600.0,100
2025-07-05,Dal,0,0,200.0,0.0,200.0,0.0,Saturday,7,0,200.0,35
2025-07-05,Wheat,0,0,350.0,0.0,350.0,0.0,Saturday,7,0,350.0,60
2025-07-05,Oil,0,0,53.99,0.0,53.99,0.0,Saturday,7,0,53.99,15
2025-07-06,Rice,0,0,600.0,0.0,600.0,0.0,Sunday,7,0,600.0,100
2025-07-06,Dal,0,0,200.0,0.0,200.0,0.0,Sunday,7,0,200.0,35
2025-07-06,Wheat,0,0,350.0,0.0,350.0,0.0,Sunday,7,0,350.0,60
2025-07-06,Oil,0,0,53.99,0.0,53.99,0.0,Sunday,7,0,53.99,15
2025-07-07,Rice,444,444,600.0,0.0,394.39,205.61,Monday,7,0,394.39,100
2025-07-07,Dal,444,444,200.0,0.0,133.36,66.64,Monday,7,0,133.36,35
2025-07-07,Wheat,444,444,350.0,0.0,221.74,128.26,Monday,7,0,221.74,60
2025-07-07,Oil,444,444,53.99,0.0,30.11,23.88,Monday,7,0,30.11,15
2025-07-08,Rice,467,467,394.39,0.0,172.93,221.46,Tuesday,7,0,172.93,100
2025-07-08,Dal,467,467,133.36,0.0,67.76,65.6,Tuesday,7,0,67.76,35
2025-07-08,Wheat,467,467,221.74,0.0,89.23,132.51,Tuesday,7,0,89.23,60
2025-07-08,Oil,467,467,30.11,74.96,80.0,25.07,Tuesday,7,0,80.0,15
2025-07-09,Rice,451,451,172.93,650.74,600.0,223.67,Wednesday,7,0,600.0,100
2025-07-09,Dal,451,451,67.76,200.01,200.0,67.77,Wednesday,7,0,200.0,35
2025-07-09,Wheat,451,451,89.23,376.9,350.0,116.13,Wednesday,7,0,350.0,60
2025-07-09,Oil,451,451,80.0,0.0,53.37,26.63,Wednesday,7,0,53.37,15
2025-07-10,Rice,421,421,600.0,0.0,387.9,212.1,Thursday,7,0,387.9,100
2025-07-10,Dal,421,421,200.0,0.0,139.11,60.89,Thursday,7,0,139.11,35
2025-07-10,Wheat,421,421,350.0,0.0,232.65,117.35,Thursday,7,0,232.65,60
2025-07-10,Oil,421,421,53.37,0.0,28.8,24.57,Thursday,7,0,28.8,15
2025-07-11,Rice,442,442,387.9,0.0,192.47,195.43,Friday,7,0,192.47,100
2025-07-11,Dal,442,442,139.11,0.0,77.75,61.36,Friday,7,0,77.75,35
2025-07-11,Wheat,442,442,232.65,305.44,350.0,188.09,Friday,7,0,350.0,60
2025-07-11,Oil,442,442,28.8,98.67,80.0,47.47,Friday,7,0,80.0,15
2025-07-12,Rice,0,0,192.47,0.0,192.47,0.0,Saturday,7,0,192.47,100
2025-07-12,Dal,0,0,77.75,0.0,77.75,0.0,Saturday,7,0,77.75,35
2025-07-12,Wheat,0,0,350.0,0.0,350.0,0.0,Saturday,7,0,350.0,60
2025-07-12,Oil,0,0,80.0,0.0,80.0,0.0,Saturday,7,0,80.0,15
2025-07-13,Rice,0,0,192.47,0.0,192.47,0.0,Sunday,7,0,192.47,100
2025-07-13,Dal,0,0,77.75,0.0,77.75,0.0,Sunday,7,0,77.75,35
2025-07-13,Wheat,0,0,350.0,0.0,350.0,0.0,Sunday,7,0,350.0,60
2025-07-13,Oil,0,0,80.0,0.0,80.0,0.0,Sunday,7,0,80.0,15
2025-07-14,Rice,468,468,192.47,606.05,600.0,198.52,Monday,7,0,600.0,100
2025-07-14,Dal,468,468,77.75,191.06,200.0,68.81,Monday,7,0,200.0,35
2025-07-14,Wheat,468,468,350.0,0.0,229.59,120.41,Monday,7,0,229.59,60
2025-07-14,Oil,468,468,80.0,0.0,54.06,25.94,Monday,7,0,54.06,15
2025-07-15,Rice,431,431,600.0,0.0,407.28,192.72,Tuesday,7,0,407.28,100
2025-07-15,Dal,431,431,200.0,0.0,136.63,63.37,Tuesday,7,0,136.63,35
2025-07-15,Wheat,431,431,229.59,0.0,106.47,123.12,Tuesday,7,0,106.47,60
2025-07-15,Oil,431,431,54.06,0.0,30.5,23.56,Tuesday,7,0,30.5,15
2025-07-16,Rice,455,455,407.28,0.0,193.69,213.59,Wednesday,7,0,193.69,100
2025-07-16,Dal,455,455,136.63,0.0,74.06,62.57,Wednesday,7,0,74.06,35
2025-07-16,Wheat,455,455,106.47,364.45,350.0,120.92,Wednesday,7,0,350.0,60
2025-07-16,Oil,455,455,30.5,76.14,80.0,26.64,Wednesday,7,0,80.0,15
2025-07-17,Rice,419,419,193.69,590.41,600.0,184.1,Thursday,7,0,600.0,100
2025-07-17,Dal,419,419,74.06,188.07,200.0,62.13,Thursday,7,0,200.0,35
2025-07-17,Wheat,419,419,350.0,0.0,238.97,111.03,Thursday,7,0,238.97,60
2025-07-17,Oil,419,419,80.0,0.0,55.08,24.92,Thursday,7,0,55.08,15
2025-07-18,Rice,441,441,600.0,0.0,390.77,209.23,Friday,7,0,390.77,100
2025-07-18,Dal,441,441,200.0,0.0,138.41,61.59,Friday,7,0,138.41,35
2025-07-18,Wheat,441,441,238.97,0.0,120.08,118.89,Friday,7,0,120.08,60
2025-07-18,Oil,441,441,55.08,0.0,32.66,22.42,Friday,7,0,32.66,15
2025-07-19,Rice,0,0,390.77,0.0,390.77,0.0,Saturday,7,0,390.77,100
2025-07-19,Dal,0,0,138.41,0.0,138.41,0.0,Saturday,7,0,138.41,35
2025-07-19,Wheat,0,0,120.08,0.0,120.08,0.0,Saturday,7,0,120.08,60
2025-07-19,Oil,0,0,32.66,0.0,32.66,0.0,Saturday,7,0,32.66,15
2025-07-20,Rice,0,0,390.77,0.0,390.77,0.0,Sunday,7,0,390.77,100
2025-07-20,Dal,0,0,138.41,0.0,138.41,0.0,Sunday,7,0,138.41,35
2025-07-20,Wheat,0,0,120.08,0.0,120.08,0.0,Sunday,7,0,120.08,60
2025-07-20,Oil,0,0,32.66,0.0,32.66,0.0,Sunday,7,0,32.66,15
2025-07-21,Rice,461,461,390.77,0.0,184.82,205.95,Monday,7,0,184.82,100
2025-07-21,Dal,461,461,138.41,0.0,72.05,66.36,Monday,7,0,72.05,35
2025-07-21,Wheat,461,461,120.08,348.05,350.0,118.13,Monday,7,0,350.0,60
2025-07-21,Oil,461,461,32.66,72.98,80.0,25.64,Monday,7,0,80.0,15
2025-07-22,Rice,469,469,184.82,626.92,600.0,211.74,Tuesday,7,0,600.0,100
2025-07-22,Dal,469,469,72.05,195.69,200.0,67.74,Tuesday,7,0,200.0,35
2025-07-22,Wheat,469,469,350.0,0.0,220.43,129.57,Tuesday,7,0,220.43,60
2025-07-22,Oil,469,469,80.0,0.0,54.42,25.58,Tuesday,7,0,54.42,15
2025-07-23,Rice,454,454,600.0,0.0,396.43,203.57,Wednesday,7,0,396.43,100
2025-07-23,Dal,454,454,200.0,0.0,131.02,68.98,Wednesday,7,0,131.02,35
2025-07-23,Wheat,454,454,220.43,0.0,99.0,121.43,Wednesday,7,0,99.0,60
2025-07-23,Oil,454,454,54.42,0.0,29.19,25.23,Wednesday,7,0,29.19,15
2025-07-24,Rice,434,434,396.43,0.0,187.36,209.07,Thursday,7,0,187.36,100
2025-07-24,Dal,434,434,131.02,0.0,62.78,68.24,Thursday,7,0,62.78,35
2025-07-24,Wheat,434,434,99.0,358.38,350.0,107.38,Thursday,7,0,350.0,60
2025-07-24,Oil,434,434,29.19,72.84,80.0,22.03,Thursday,7,0,80.0,15
2025-07-25,Rice,457,457,187.36,613.07,600.0,200.43,Friday,7,0,600.0,100
2025-07-25,Dal,457,457,62.78,202.25,200.0,65.03,Friday,7,0,200.0,35
2025-07-25,Wheat,457,457,350.0,0.0,227.04,122.96,Friday,7,0,227.04,60
2025-07-25,Oil,457,457,80.0,0.0,55.1,24.9,Friday,7,0,55.1,15
2025-07-26,Rice,0,0,600.0,0.0,600.0,0.0,Saturday,7,0,600.0,100
2025-07-26,Dal,0,0,200.0,0.0,200.0,0.0,Saturday,7,0,200.0,35
2025-07-26,Wheat,0,0,227.04,0.0,227.04,0.0,Saturday,7,0,227.04,60
2025-07-26,Oil,0,0,55.1,0.0,55.1,0.0,Saturday,7,0,55.1,15
2025-07-27,Rice,0,0,600.0,0.0,600.0,0.0,Sunday,7,0,600.0,100
2025-07-27,Dal,0,0,200.0,0.0,200.0,0.0,Sunday,7,0,200.0,35
2025-07-27,Wheat,0,0,227.04,0.0,227.04,0.0,Sunday,7,0,227.04,60
2025-07-27,Oil,0,0,55.1,0.0,55.1,0.0,Sunday,7,0,55.1,15
2025-07-28,Rice,434,434,600.0,0.0,387.11,212.89,Monday,7,0,387.11,100
2025-07-28,Dal,434,434,200.0,0.0,133.89,66.11,Monday,7,0,133.89,35
2025-07-28,Wheat,434,434,227.04,0.0,117.48,109.56,Monday,7,0,117.48,60
2025-07-28,Oil,434,434,55.1,0.0,29.63,25.47,Monday,7,0,29.63,15
2025-07-29,Rice,449,449,387.11,0.0,174.54,212.57,Tuesday,7,0,174.54,100
2025-07-29,Dal,449,449,133.89,0.0,67.32,66.57,Tuesday,7,0,67.32,35
2025-07-29,Wheat,449,449,117.48,355.66,350.0,123.14,Tuesday,7,0,350.0,60
2025-07-29,Oil,449,449,29.63,76.59,80.0,26.22,Tuesday,7,0,80.0,15
2025-07-30,Rice,452,452,174.54,636.18,600.0,210.72,Wednesday,7,0,600.0,100
2025-07-30,Dal,452,452,67.32,200.14,200.0,67.46,Wednesday,7,0,200.0,35
2025-07-30,Wheat,452,452,350.0,0.0,226.95,123.05,Wednesday,7,0,226.95,60
2025-07-30,Oil,452,452,80.0,0.0,56.38,23.62,Wednesday,7,0,56.38,15
2025-07-31,Rice,458,458,600.0,0.0,375.0,225.0,Thursday,7,0,375.0,100
2025-07-31,Dal,458,458,200.0,0.0,133.32,66.68,Thursday,7,0,133.32,35
2025-07-31,Wheat,458,458,226.95,0.0,109.39,117.56,Thursday,7,0,109.39,60
2025-07-31,Oil,458,458,56.38,0.0,29.84,26.54,Thursday,7,0,29.84,15
2025-08-01,Rice,446,446,375.0,0.0,154.59,220.41,Friday,8,0,154.59,100
2025-08-01,Dal,446,446,133.32,0.0,71.57,61.75,Friday,8,0,71.57,35
2025-08-01,Wheat,446,446,109.39,354.84,350.0,114.23,Friday,8,0,350.0,60
2025-08-01,Oil,446,446,29.84,75.75,80.0,25.59,Friday,8,0,80.0,15
2025-08-02,Rice,0,0,154.59,0.0,154.59,0.0,Saturday,8,0,154.59,100
2025-08-02,Dal,0,0,71.57,0.0,71.57,0.0,Saturday,8,0,71.57,35
2025-08-02,Wheat,0,0,350.0,0.0,350.0,0.0,Saturday,8,0,350.0,60
2025-08-02,Oil,0,0,80.0,0.0,80.0,0.0,Saturday,8,0,80.0,15
2025-08-03,Rice,0,0,154.59,0.0,154.59,0.0,Sunday,8,0,154.59,100
2025-08-03,Dal,0,0,71.57,0.0,71.57,0.0,Sunday,8,0,71.57,35
2025-08-03,Wheat,0,0,350.0,0.0,350.0,0.0,Sunday,8,0,350.0,60
2025-08-03,Oil,0,0,80.0,0.0,80.0,0.0,Sunday,8,0,80.0,15
2025-08-04,Rice,429,429,154.59,643.51,600.0,198.1,Monday,8,0,600.0,100
2025-08-04,Dal,429,429,71.57,188.63,200.0,60.2,Monday,8,0,200.0,35
2025-08-04,Wheat,429,429,350.0,0.0,238.15,111.85,Monday,8,0,238.15,60
2025-08-04,Oil,429,429,80.0,0.0,56.45,23.55,Monday,8,0,56.45,15
2025-08-05,Rice,441,441,600.0,0.0,398.75,201.25,Tuesday,8,0,398.75,100
2025-08-05,Dal,441,441,200.0,0.0,135.97,64.03,Tuesday,8,0,135.97,35
2025-08-05,Wheat,441,441,238.15,0.0,123.53,114.62,Tuesday,8,0,123.53,60
2025-08-05,Oil,441,441,56.45,0.0,30.05,26.4,Tuesday,8,0,30.05,15
2025-08-06,Rice,432,432,398.75,0.0,190.35,208.4,Wednesday,8,0,190.35,100
2025-08-06,Dal,432,432,135.97,0.0,71.53,64.44,Wednesday,8,0,71.53,35
2025-08-06,Wheat,432,432,123.53,337.11,350.0,110.64,Wednesday,8,0,350.0,60
2025-08-06,Oil,432,432,30.05,72.71,80.0,22.76,Wednesday,8,0,80.0,15
2025-08-07,Rice,444,444,190.35,600.11,600.0,190.46,Thursday,8,0,600.0,100
2025-08-07,Dal,444,444,71.53,191.07,200.0,62.6,Thursday,8,0,200.0,35
2025-08-07,Wheat,444,444,350.0,0.0,227.68,122.32,Thursday,8,0,227.68,60
2025-08-07,Oil,444,444,80.0,0.0,54.52,25.48,Thursday,8,0,54.52,15
2025-08-08,Rice,467,467,600.0,0.0,378.27,221.73,Friday,8,0,378.27,100
2025-08-08,Dal,467,467,200.0,0.0,132.82,67.18,Friday,8,0,132.82,35
2025-08-08,Wheat,467,467,227.68,0.0,104.19,123.49,Friday,8,0,104.19,60
2025-08-08,Oil,467,467,54.52,0.0,27.22,27.3,Friday,8,0,27.22,15
2025-08-09,Rice,0,0,378.27,0.0,378.27,0.0,Saturday,8,0,378.27,100
2025-08-09,Dal,0,0,132.82,0.0,132.82,0.0,Saturday,8,0,132.82,35
2025-08-09,Wheat,0,0,104.19,0.0,104.19,0.0,Saturday,8,0,104.19,60
2025-08-09,Oil,0,0,27.22,0.0,27.22,0.0,Saturday,8,0,27.22,15
2025-08-10,Rice,0,0,378.27,0.0,378.27,0.0,Sunday,8,0,378.27,100
2025-08-10,Dal,0,0,132.82,0.0,132.82,0.0,Sunday,8,0,132.82,35
2025-08-10,Wheat,0,0,104.19,0.0,104.19,0.0,Sunday,8,0,104.19,60
2025-08-10,Oil,0,0,27.22,0.0,27.22,0.0,Sunday,8,0,27.22,15
2025-08-11,Rice,439,439,378.27,0.0,181.08,197.19,Monday,8,0,181.08,100
2025-08-11,Dal,439,439,132.82,0.0,66.28,66.54,Monday,8,0,66.28,35
2025-08-11,Wheat,439,439,104.19,366.71,350.0,120.9,Monday,8,0,350.0,60
2025-08-11,Oil,439,439,27.22,77.37,80.0,24.59,Monday,8,0,80.0,15
2025-08-12,Rice,471,471,181.08,624.13,600.0,205.21,Tuesday,8,0,600.0,100
2025-08-12,Dal,471,471,66.28,207.59,200.0,73.87,Tuesday,8,0,200.0,35
2025-08-12,Wheat,471,471,350.0,0.0,223.45,126.55,Tuesday,8,0,223.45,60
2025-08-12,Oil,471,471,80.0,0.0,55.21,24.79,Tuesday,8,0,55.21,15
2025-08-13,Rice,454,454,600.0,0.0,392.0,208.0,Wednesday,8,0,392.0,100
2025-08-13,Dal,454,454,200.0,0.0,136.67,63.33,Wednesday,8,0,136.67,35
2025-08-13,Wheat,454,454,223.45,0.0,90.47,132.98,Wednesday,8,0,90.47,60
2025-08-13,Oil,454,454,55.21,0.0,29.4,25.81,Wednesday,8,0,29.4,15
2025-08-14,Rice,473,473,392.0,0.0,174.77,217.23,Thursday,8,0,174.77,100
2025-08-14,Dal,473,473,136.67,0.0,63.25,73.42,Thursday,8,0,63.25,35
2025-08-14,Wheat,473,473,90.47,394.31,350.0,134.78,Thursday,8,0,350.0,60
2025-08-14,Oil,473,473,29.4,76.96,80.0,26.36,Thursday,8,0,80.0,15
2025-08-15,Rice,435,435,174.77,644.77,600.0,219.54,Friday,8,0,600.0,100
2025-08-15,Dal,435,435,63.25,193.89,200.0,57.14,Friday,8,0,200.0,35
2025-08-15,Wheat,435,435,350.0,0.0,231.88,118.12,Friday,8,0,231.88,60
2025-08-15,Oil,435,435,80.0,0.0,55.54,24.46,Friday,8,0,55.54,15
2025-08-16,Rice,0,0,600.0,0.0,600.0,0.0,Saturday,8,0,600.0,100
2025-08-16,Dal,0,0,200.0,0.0,200.0,0.0,Saturday,8,0,200.0,35
2025-08-16,Wheat,0,0,231.88,0.0,231.88,0.0,Saturday,8,0,231.88,60
2025-08-16,Oil,0,0,55.54,0.0,55.54,0.0,Saturday,8,0,55.54,15
2025-08-17,Rice,0,0,600.0,0.0,600.0,0.0,Sunday,8,0,600.0,100
2025-08-17,Dal,0,0,200.0,0.0,200.0,0.0,Sunday,8,0,200.0,35
2025-08-17,Wheat,0,0,231.88,0.0,231.88,0.0,Sunday,8,0,231.88,60
2025-08-17,Oil,0,0,55.54,0.0,55.54,0.0,Sunday,8,0,55.54,15
2025-08-18,Rice,407,407,600.0,0.0,394.34,205.66,Monday,8,0,394.34,100
2025-08-18,Dal,407,407,200.0,0.0,139.41,60.59,Monday,8,0,139.41,35
2025-08-18,Wheat,407,407,231.88,0.0,126.71,105.17,Monday,8,0,126.71,60
2025-08-18,Oil,407,407,55.54,0.0,33.14,22.4,Monday,8,0,33.14,15
2025-08-19,Rice,483,483,394.34,0.0,150.27,244.07,Tuesday,8,0,150.27,100
2025-08-19,Dal,483,483,139.41,0.0,65.77,73.64,Tuesday,8,0,65.77,35
2025-08-19,Wheat,483,483,126.71,361.44,350.0,138.15,Tuesday,8,0,350.0,60
2025-08-19,Oil,483,483,33.14,73.93,80.0,27.07,Tuesday,8,0,80.0,15
2025-08-20,Rice,423,423,150.27,658.28,600.0,208.55,Wednesday,8,0,600.0,100
2025-08-20,Dal,423,423,65.77,194.69,200.0,60.46,Wednesday,8,0,200.0,35
2025-08-20,Wheat,423,423,350.0,0.0,237.49,112.51,Wednesday,8,0,237.49,60
2025-08-20,Oil,423,423,80.0,0.0,57.02,22.98,Wednesday,8,0,57.02,15
2025-08-21,Rice,446,446,600.0,0.0,385.76,214.24,Thursday,8,0,385.76,100
2025-08-21,Dal,446,446,200.0,0.0,133.17,66.83,Thursday,8,0,133.17,35
2025-08-21,Wheat,446,446,237.49,0.0,117.21,120.28,Thursday,8,0,117.21,60
2025-08-21,Oil,446,446,57.02,0.0,31.56,25.46,Thursday,8,0,31.56,15
2025-08-22,Rice,466,466,385.76,0.0,170.22,215.54,Friday,8,0,170.22,100
2025-08-22,Dal,466,466,133.17,0.0,71.46,61.71,Friday,8,0,71.46,35
2025-08-22,Wheat,466,466,117.21,356.3,350.0,123.51,Friday,8,0,350.0,60
2025-08-22,Oil,466,466,31.56,73.89,80.0,25.45,Friday,8,0,80.0,15
2025-08-23,Rice,0,0,170.22,0.0,170.22,0.0,Saturday,8,0,170.22,100
2025-08-23,Dal,0,0,71.46,0.0,71.46,0.0,Saturday,8,0,71.46,35
2025-08-23,Wheat,0,0,350.0,0.0,350.0,0.0,Saturday,8,0,350.0,60
2025-08-23,Oil,0,0,80.0,0.0,80.0,0.0,Saturday,8,0,80.0,15
2025-08-24,Rice,0,0,170.22,0.0,170.22,0.0,Sunday,8,0,170.22,100
2025-08-24,Dal,0,0,71.46,0.0,71.46,0.0,Sunday,8,0,71.46,35
2025-08-24,Wheat,0,0,350.0,0.0,350.0,0.0,Sunday,8,0,350.0,60
2025-08-24,Oil,0,0,80.0,0.0,80.0,0.0,Sunday,8,0,80.0,15
2025-08-25,Rice,484,484,170.22,661.21,600.0,231.43,Monday,8,0,600.0,100
2025-08-25,Dal,484,484,71.46,200.53,200.0,71.99,Monday,8,0,200.0,35
2025-08-25,Wheat,484,484,350.0,0.0,220.71,129.29,Monday,8,0,220.71,60
2025-08-25,Oil,484,484,80.0,0.0,50.88,29.12,Monday,8,0,50.88,15
2025-08-26,Rice,407,407,600.0,0.0,401.76,198.24,Tuesday,8,0,401.76,100
2025-08-26,Dal,407,407,200.0,0.0,142.26,57.74,Tuesday,8,0,142.26,35
2025-08-26,Wheat,407,407,220.71,0.0,113.59,107.12,Tuesday,8,0,113.59,60
2025-08-26,Oil,407,407,50.88,0.0,30.03,20.85,Tuesday,8,0,30.03,15
2025-08-27,Rice,448,448,401.76,0.0,207.48,194.28,Wednesday,8,0,207.48,100
2025-08-27,Dal,448,448,142.26,0.0,79.01,63.25,Wednesday,8,0,79.01,35
2025-08-27,Wheat,448,448,113.59,350.29,350.0,113.88,Wednesday,8,0,350.0,60
2025-08-27,Oil,448,448,30.03,75.78,80.0,25.81,Wednesday,8,0,80.0,15
2025-08-28,Rice,425,425,207.48,575.92,600.0,183.4,Thursday,8,0,600.0,100
2025-08-28,Dal,425,425,79.01,179.03,200.0,58.04,Thursday,8,0,200.0,35
2025-08-28,Wheat,425,425,350.0,0.0,244.84,105.16,Thursday,8,0,244.84,60
2025-08-28,Oil,425,425,80.0,0.0,57.37,22.63,Thursday,8,0,57.37,15
2025-08-29,Rice,462,462,600.0,0.0,393.57,206.43,Friday,8,0,393.57,100
2025-08-29,Dal,462,462,200.0,0.0,131.97,68.03,Friday,8,0,131.97,35
2025-08-29,Wheat,462,462,244.84,0.0,123.8,121.04,Friday,8,0,123.8,60
2025-08-29,Oil,462,462,57.37,0.0,32.46,24.91,Friday,8,0,32.46,15
2025-08-30,Rice,0,0,393.57,0.0,393.57,0.0,Saturday,8,0,393.57,100
2025-08-30,Dal,0,0,131.97,0.0,131.97,0.0,Saturday,8,0,131.97,35
2025-08-30,Wheat,0,0,123.8,0.0,123.8,0.0,Saturday,8,0,123.8,60
2025-08-30,Oil,0,0,32.46,0.0,32.46,0.0,Saturday,8,0,32.46,15
2025-08-31,Rice,0,0,393.57,0.0,393.57,0.0,Sunday,8,0,393.57,100
2025-08-31,Dal,0,0,131.97,0.0,131.97,0.0,Sunday,8,0,131.97,35
2025-08-31,Wheat,0,0,123.8,0.0,123.8,0.0,Sunday,8,0,123.8,60
2025-08-31,Oil,0,0,32.46,0.0,32.46,0.0,Sunday,8,0,32.46,15
2025-09-01,Rice,447,447,393.57,0.0,173.25,220.32,Monday,9,0,173.25,100
2025-09-01,Dal,447,447,131.97,182.79,200.0,114.76,Monday,9,0,200.0,35
2025-09-01,Wheat,447,447,123.8,343.67,350.0,117.47,Monday,9,0,350.0,60
2025-09-01,Oil,447,447,32.46,72.34,80.0,24.8,Monday,9,0,80.0,15
2025-09-02,Rice,444,444,173.25,638.28,600.0,211.53,Tuesday,9,0,600.0,100
2025-09-02,Dal,444,444,200.0,0.0,140.35,59.65,Tuesday,9,0,140.35,35
2025-09-02,Wheat,444,444,350.0,0.0,224.29,125.71,Tuesday,9,0,224.29,60
2025-09-02,Oil,444,444,80.0,0.0,55.23,24.77,Tuesday,9,0,55.23,15
2025-09-03,Rice,446,446,600.0,0.0,396.57,203.43,Wednesday,9,0,396.57,100
2025-09-03,Dal,446,446,140.35,0.0,78.19,62.16,Wednesday,9,0,78.19,35
2025-09-03,Wheat,446,446,224.29,0.0,113.08,111.21,Wednesday,9,0,113.08,60
2025-09-03,Oil,446,446,55.23,0.0,31.58,23.65,Wednesday,9,0,31.58,15
2025-09-04,Rice,426,426,396.57,0.0,197.86,198.71,Thursday,9,0,197.86,100
2025-09-04,Dal,426,426,78.19,185.03,200.0,63.22,Thursday,9,0,200.0,35
2025-09-04,Wheat,426,426,113.08,353.79,350.0,116.87,Thursday,9,0,350.0,60
2025-09-04,Oil,426,426,31.58,71.19,80.0,22.77,Thursday,9,0,80.0,15
2025-09-05,Rice,488,488,197.86,619.89,600.0,217.75,Friday,9,0,600.0,100
2025-09-05,Dal,488,488,200.0,0.0,131.98,68.02,Friday,9,0,131.98,35
2025-09-05,Wheat,488,488,350.0,0.0,217.03,132.97,Friday,9,0,217.03,60
2025-09-05,Oil,488,488,80.0,0.0,51.98,28.02,Friday,9,0,51.98,15
2025-09-06,Rice,0,0,600.0,0.0,600.0,0.0,Saturday,9,0,600.0,100
2025-09-06,Dal,0,0,131.98,0.0,131.98,0.0,Saturday,9,0,131.98,35
2025-09-06,Wheat,0,0,217.03,0.0,217.03,0.0,Saturday,9,0,217.03,60
2025-09-06,Oil,0,0,51.98,0.0,51.98,0.0,Saturday,9,0,51.98,15
2025-09-07,Rice,0,0,600.0,0.0,600.0,0.0,Sunday,9,0,600.0,100
2025-09-07,Dal,0,0,131.98,0.0,131.98,0.0,Sunday,9,0,131.98,35
2025-09-07,Wheat,0,0,217.03,0.0,217.03,0.0,Sunday,9,0,217.03,60
2025-09-07,Oil,0,0,51.98,0.0,51.98,0.0,Sunday,9,0,51.98,15
2025-09-08,Rice,463,463,600.0,0.0,387.39,212.61,Monday,9,0,387.39,100
2025-09-08,Dal,463,463,131.98,183.48,200.0,115.46,Monday,9,0,200.0,35
2025-09-08,Wheat,463,463,217.03,0.0,100.78,116.25,Monday,9,0,100.78,60
2025-09-08,Oil,463,463,51.98,0.0,27.6,24.38,Monday,9,0,27.6,15
2025-09-09,Rice,451,451,387.39,0.0,168.75,218.64,Tuesday,9,0,168.75,100
2025-09-09,Dal,451,451,200.0,0.0,138.02,61.98,Tuesday,9,0,138.02,35
2025-09-09,Wheat,451,451,100.78,379.74,350.0,130.52,Tuesday,9,0,350.0,60
2025-09-09,Oil,451,451,27.6,88.85,80.0,36.45,Tuesday,9,0,80.0,15
2025-09-10,Rice,429,429,168.75,628.13,600.0,196.88,Wednesday,9,0,600.0,100
2025-09-10,Dal,429,429,138.02,0.0,73.03,64.99,Wednesday,9,0,73.03,35
2025-09-10,Wheat,429,429,350.0,0.0,237.32,112.68,Wednesday,9,0,237.32,60
2025-09-10,Oil,429,429,80.0,0.0,56.29,23.71,Wednesday,9,0,56.29,15
2025-09-11,Rice,430,430,600.0,0.0,404.35,195.65,Thursday,9,0,404.35,100
2025-09-11,Dal,430,430,73.03,187.35,200.0,60.38,Thursday,9,0,200.0,35
2025-09-11,Wheat,430,430,237.32,0.0,124.17,113.15,Thursday,9,0,124.17,60
2025-09-11,Oil,430,430,56.29,0.0,33.27,23.02,Thursday,9,0,33.27,15
2025-09-12,Rice,404,404,404.35,0.0,223.68,180.67,Friday,9,0,223.68,100
2025-09-12,Dal,404,404,200.0,0.0,144.7,55.3,Friday,9,0,144.7,35
2025-09-12,Wheat,404,404,124.17,333.91,350.0,108.08,Friday,9,0,350.0,60
2025-09-12,Oil,404,404,33.27,69.46,80.0,22.73,Friday,9,0,80.0,15
2025-09-13,Rice,0,0,223.68,0.0,223.68,0.0,Saturday,9,0,223.68,100
2025-09-13,Dal,0,0,144.7,0.0,144.7,0.0,Saturday,9,0,144.7,35
2025-09-13,Wheat,0,0,350.0,0.0,350.0,0.0,Saturday,9,0,350.0,60
2025-09-13,Oil,0,0,80.0,0.0,80.0,0.0,Saturday,9,0,80.0,15
2025-09-14,Rice,0,0,223.68,0.0,223.68,0.0,Sunday,9,0,223.68,100
2025-09-14,Dal,0,0,144.7,0.0,144.7,0.0,Sunday,9,0,144.7,35
2025-09-14,Wheat,0,0,350.0,0.0,350.0,0.0,Sunday,9,0,350.0,60
2025-09-14,Oil,0,0,80.0,0.0,80.0,0.0,Sunday,9,0,80.0,15
2025-09-15,Rice,470,470,223.68,603.51,600.0,227.19,Monday,9,0,600.0,100
2025-09-15,Dal,470,470,144.7,0.0,77.6,67.1,Monday,9,0,77.6,35
2025-09-15,Wheat,470,470,350.0,0.0,221.26,128.74,Monday,9,0,221.26,60
2025-09-15,Oil,470,470,80.0,0.0,51.77,28.23,Monday,9,0,51.77,15
2025-09-16,Rice,421,421,600.0,0.0,406.55,193.45,Tuesday,9,0,406.55,100
2025-09-16,Dal,421,421,77.6,183.85,200.0,61.45,Tuesday,9,0,200.0,35
2025-09-16,Wheat,421,421,221.26,0.0,111.27,109.99,Tuesday,9,0,111.27,60
2025-09-16,Oil,421,421,51.77,0.0,27.4,24.37,Tuesday,9,0,27.4,15
2025-09-17,Rice,458,458,406.55,0.0,206.17,200.38,Wednesday,9,0,206.17,100
2025-09-17,Dal,458,458,200.0,0.0,134.05,65.95,Wednesday,9,0,134.05,35
2025-09-17,Wheat,458,458,111.27,363.17,350.0,124.44,Wednesday,9,0,350.0,60
2025-09-17,Oil,458,458,27.4,78.63,80.0,26.03,Wednesday,9,0,80.0,15
2025-09-18,Rice,439,439,206.17,602.91,600.0,209.08,Thursday,9,0,600.0,100
2025-09-18,Dal,439,439,134.05,0.0,71.8,62.25,Thursday,9,0,71.8,35
2025-09-18,Wheat,439,439,350.0,0.0,235.69,114.31,Thursday,9,0,235.69,60
2025-09-18,Oil,439,439,80.0,0.0,55.0,25.0,Thursday,9,0,55.0,15
2025-09-19,Rice,458,458,600.0,0.0,387.83,212.17,Friday,9,0,387.83,100
2025-09-19,Dal,458,458,71.8,197.9,200.0,69.7,Friday,9,0,200.0,35
2025-09-19,Wheat,458,458,235.69,0.0,113.07,122.62,Friday,9,0,113.07,60
2025-09-19,Oil,458,458,55.0,0.0,29.66,25.34,Friday,9,0,29.66,15
2025-09-20,Rice,0,0,387.83,0.0,387.83,0.0,Saturday,9,0,387.83,100
2025-09-20,Dal,0,0,200.0,0.0,200.0,0.0,Saturday,9,0,200.0,35
2025-09-20,Wheat,0,0,113.07,0.0,113.07,0.0,Saturday,9,0,113.07,60
2025-09-20,Oil,0,0,29.66,0.0,29.66,0.0,Saturday,9,0,29.66,15
2025-09-21,Rice,0,0,387.83,0.0,387.83,0.0,Sunday,9,0,387.83,100
2025-09-21,Dal,0,0,200.0,0.0,200.0,0.0,Sunday,9,0,200.0,35
2025-09-21,Wheat,0,0,113.07,0.0,113.07,0.0,Sunday,9,0,113.07,60
2025-09-21,Oil,0,0,29.66,0.0,29.66,0.0,Sunday,9,0,29.66,15
2025-09-22,Rice,444,444,387.83,0.0,182.23,205.6,Monday,9,0,182.23,100
2025-09-22,Dal,444,444,200.0,0.0,134.88,65.12,Monday,9,0,134.88,35
2025-09-22,Wheat,444,444,113.07,363.55,350.0,126.62,Monday,9,0,350.0,60
2025-09-22,Oil,444,444,29.66,73.7,80.0,23.36,Monday,9,0,80.0,15
2025-09-23,Rice,470,470,182.23,628.33,600.0,210.56,Tuesday,9,0,600.0,100
2025-09-23,Dal,470,470,134.88,0.0,62.58,72.3,Tuesday,9,0,62.58,35
2025-09-23,Wheat,470,470,350.0,0.0,222.68,127.32,Tuesday,9,0,222.68,60
2025-09-23,Oil,470,470,80.0,0.0,54.04,25.96,Tuesday,9,0,54.04,15
2025-09-24,Rice,428,428,600.0,0.0,409.68,190.32,Wednesday,9,0,409.68,100
2025-09-24,Dal,428,428,62.58,198.85,200.0,61.43,Wednesday,9,0,200.0,35
2025-09-24,Wheat,428,428,222.68,0.0,109.17,113.51,Wednesday,9,0,109.17,60
2025-09-24,Oil,428,428,54.04,0.0,29.4,24.64,Wednesday,9,0,29.4,15
2025-09-25,Rice,460,460,409.68,0.0,203.57,206.11,Thursday,9,0,203.57,100
2025-09-25,Dal,460,460,200.0,0.0,133.04,66.96,Thursday,9,0,133.04,35
2025-09-25,Wheat,460,460,109.17,363.29,350.0,122.46,Thursday,9,0,350.0,60
2025-09-25,Oil,460,460,29.4,77.2,80.0,26.6,Thursday,9,0,80.0,15
2025-09-26,Rice,496,496,203.57,621.8,600.0,225.37,Friday,9,0,600.0,100
2025-09-26,Dal,496,496,133.04,0.0,60.55,72.49,Friday,9,0,60.55,35
2025-09-26,Wheat,496,496,350.0,0.0,219.42,130.58,Friday,9,0,219.42,60
2025-09-26,Oil,496,496,80.0,0.0,51.07,28.93,Friday,9,0,51.07,15
2025-09-27,Rice,0,0,600.0,0.0,600.0,0.0,Saturday,9,0,600.0,100
2025-09-27,Dal,0,0,60.55,0.0,60.55,0.0,Saturday,9,0,60.55,35
2025-09-27,Wheat,0,0,219.42,0.0,219.42,0.0,Saturday,9,0,219.42,60
2025-09-27,Oil,0,0,51.07,0.0,51.07,0.0,Saturday,9,0,51.07,15
2025-09-28,Rice,0,0,600.0,0.0,600.0,0.0,Sunday,9,0,600.0,100
2025-09-28,Dal,0,0,60.55,0.0,60.55,0.0,Sunday,9,0,60.55,35
2025-09-28,Wheat,0,0,219.42,0.0,219.42,0.0,Sunday,9,0,219.42,60
2025-09-28,Oil,0,0,51.07,0.0,51.07,0.0,Sunday,9,0,51.07,15
2025-09-29,Rice,462,462,600.0,0.0,387.58,212.42,Monday,9,0,387.58,100
2025-09-29,Dal,462,462,60.55,207.41,200.0,67.96,Monday,9,0,200.0,35
2025-09-29,Wheat,462,462,219.42,0.0,94.26,125.16,Monday,9,0,94.26,60
2025-09-29,Oil,462,462,51.07,0.0,23.15,27.92,Monday,9,0,23.15,15
2025-09-30,Rice,455,455,387.58,0.0,184.46,203.12,Tuesday,9,0,184.46,100
2025-09-30,Dal,455,455,200.0,0.0,128.76,71.24,Tuesday,9,0,128.76,35
2025-09-30,Wheat,455,455,94.26,377.43,350.0,121.69,Tuesday,9,0,350.0,60
2025-09-30,Oil,455,455,23.15,83.11,80.0,26.26,Tuesday,9,0,80.0,15
2025-10-01,Rice,407,407,184.46,594.03,600.0,178.49,Wednesday,10,0,600.0,100
2025-10-01,Dal,407,407,128.76,0.0,71.19,57.57,Wednesday,10,0,71.19,35
2025-10-01,Wheat,407,407,350.0,0.0,244.36,105.64,Wednesday,10,0,244.36,60
2025-10-01,Oil,407,407,80.0,0.0,56.35,23.65,Wednesday,10,0,56.35,15
2025-10-02,Rice,488,488,600.0,0.0,379.2,220.8,Thursday,10,0,379.2,100
2025-10-02,Dal,488,488,71.19,200.63,200.0,71.82,Thursday,10,0,200.0,35
2025-10-02,Wheat,488,488,244.36,0.0,118.41,125.95,Thursday,10,0,118.41,60
2025-10-02,Oil,488,488,56.35,0.0,31.06,25.29,Thursday,10,0,31.06,15
2025-10-03,Rice,382,382,379.2,0.0,196.09,183.11,Friday,10,0,196.09,100
2025-10-03,Dal,382,382,200.0,0.0,89.8,110.2,Friday,10,0,89.8,35
2025-10-03,Wheat,382,382,118.41,330.08,350.0,98.49,Friday,10,0,350.0,60
2025-10-03,Oil,382,382,31.06,70.43,80.0,21.49,Friday,10,0,80.0,15
2025-10-04,Rice,0,0,196.09,0.0,196.09,0.0,Saturday,10,0,196.09,100
2025-10-04,Dal,0,0,89.8,0.0,89.8,0.0,Saturday,10,0,89.8,35
2025-10-04,Wheat,0,0,350.0,0.0,350.0,0.0,Saturday,10,0,350.0,60
2025-10-04,Oil,0,0,80.0,0.0,80.0,0.0,Saturday,10,0,80.0,15
2025-10-05,Rice,0,0,196.09,0.0,196.09,0.0,Sunday,10,0,196.09,100
2025-10-05,Dal,0,0,89.8,0.0,89.8,0.0,Sunday,10,0,89.8,35
2025-10-05,Wheat,0,0,350.0,0.0,350.0,0.0,Sunday,10,0,350.0,60
2025-10-05,Oil,0,0,80.0,0.0,80.0,0.0,Sunday,10,0,80.0,15
2025-10-06,Rice,448,448,196.09,603.91,600.0,200.0,Monday,10,0,600.0,100
2025-10-06,Dal,448,448,89.8,175.31,200.0,65.11,Monday,10,0,200.0,35
2025-10-06,Wheat,448,448,350.0,0.0,229.37,120.63,Monday,10,0,229.37,60
2025-10-06,Oil,448,448,80.0,0.0,55.59,24.41,Monday,10,0,55.59,15
2025-10-07,Rice,454,454,600.0,0.0,400.74,199.26,Tuesday,10,0,400.74,100
2025-10-07,Dal,454,454,200.0,0.0,137.64,62.36,Tuesday,10,0,137.64,35
2025-10-07,Wheat,454,454,229.37,0.0,112.81,116.56,Tuesday,10,0,112.81,60
2025-10-07,Oil,454,454,55.59,0.0,29.79,25.8,Tuesday,10,0,29.79,15
2025-10-08,Rice,446,446,400.74,0.0,193.33,207.41,Wednesday,10,0,193.33,100
2025-10-08,Dal,446,446,137.64,0.0,73.48,64.16,Wednesday,10,0,73.48,35
2025-10-08,Wheat,446,446,112.81,348.37,350.0,111.18,Wednesday,10,0,350.0,60
2025-10-08,Oil,446,446,29.79,77.03,80.0,26.82,Wednesday,10,0,80.0,15
2025-10-09,Rice,414,414,193.33,600.86,600.0,194.19,Thursday,10,0,600.0,100
2025-10-09,Dal,414,414,73.48,181.52,200.0,55.0,Thursday,10,0,200.0,35
2025-10-09,Wheat,414,414,350.0,0.0,235.42,114.58,Thursday,10,0,235.42,60
2025-10-09,Oil,414,414,80.0,0.0,58.7,21.3,Thursday,10,0,58.7,15
2025-10-10,Rice,430,430,600.0,0.0,401.37,198.63,Friday,10,0,401.37,100
2025-10-10,Dal,430,430,200.0,0.0,143.21,56.79,Friday,10,0,143.21,35
2025-10-10,Wheat,430,430,235.42,0.0,121.11,114.31,Friday,10,0,121.11,60
2025-10-10,Oil,430,430,58.7,0.0,35.08,23.62,Friday,10,0,35.08,15
2025-10-11,Rice,0,0,401.37,0.0,401.37,0.0,Saturday,10,0,401.37,100
2025-10-11,Dal,0,0,143.21,0.0,143.21,0.0,Saturday,10,0,143.21,35
2025-10-11,Wheat,0,0,121.11,0.0,121.11,0.0,Saturday,10,0,121.11,60
2025-10-11,Oil,0,0,35.08,0.0,35.08,0.0,Saturday,10,0,35.08,15
2025-10-12,Rice,0,0,401.37,0.0,401.37,0.0,Sunday,10,0,401.37,100
2025-10-12,Dal,0,0,143.21,0.0,143.21,0.0,Sunday,10,0,143.21,35
2025-10-12,Wheat,0,0,121.11,0.0,121.11,0.0,Sunday,10,0,121.11,60
2025-10-12,Oil,0,0,35.08,0.0,35.08,0.0,Sunday,10,0,35.08,15
2025-10-13,Rice,443,443,401.37,0.0,182.52,218.85,Monday,10,0,182.52,100
2025-10-13,Dal,443,443,143.21,0.0,77.79,65.42,Monday,10,0,77.79,35
2025-10-13,Wheat,443,443,121.11,412.16,350.0,183.27,Monday,10,0,350.0,60
2025-10-13,Oil,443,443,35.08,69.98,80.0,25.06,Monday,10,0,80.0,15
2025-10-14,Rice,440,440,182.52,604.72,600.0,187.24,Tuesday,10,0,600.0,100
2025-10-14,Dal,440,440,77.79,180.99,200.0,58.78,Tuesday,10,0,200.0,35
2025-10-14,Wheat,440,440,350.0,0.0,235.46,114.54,Tuesday,10,0,235.46,60
2025-10-14,Oil,440,440,80.0,0.0,54.8,25.2,Tuesday,10,0,54.8,15
2025-10-15,Rice,436,436,600.0,0.0,403.82,196.18,Wednesday,10,0,403.82,100
2025-10-15,Dal,436,436,200.0,0.0,137.93,62.07,Wednesday,10,0,137.93,35
2025-10-15,Wheat,436,436,235.46,0.0,118.82,116.64,Wednesday,10,0,118.82,60
2025-10-15,Oil,436,436,54.8,0.0,30.61,24.19,Wednesday,10,0,30.61,15
2025-10-16,Rice,476,476,403.82,0.0,176.5,227.32,Thursday,10,0,176.5,100
2025-10-16,Dal,476,476,137.93,0.0,69.9,68.03,Thursday,10,0,69.9,35
2025-10-16,Wheat,476,476,118.82,362.63,350.0,131.45,Thursday,10,0,350.0,60
2025-10-16,Oil,476,476,30.61,77.7,80.0,28.31,Thursday,10,0,80.0,15
2025-10-17,Rice,440,440,176.5,624.92,600.0,201.42,Friday,10,0,600.0,100
2025-10-17,Dal,440,440,69.9,192.94,200.0,62.84,Friday,10,0,200.0,35
2025-10-17,Wheat,440,440,350.0,0.0,233.11,116.89,Friday,10,0,233.11,60
2025-10-17,Oil,440,440,80.0,0.0,54.31,25.69,Friday,10,0,54.31,15
2025-10-18,Rice,0,0,600.0,0.0,600.0,0.0,Saturday,10,0,600.0,100
2025-10-18,Dal,0,0,200.0,0.0,200.0,0.0,Saturday,10,0,200.0,35
2025-10-18,Wheat,0,0,233.11,0.0,233.11,0.0,Saturday,10,0,233.11,60
2025-10-18,Oil,0,0,54.31,0.0,54.31,0.0,Saturday,10,0,54.31,15
2025-10-19,Rice,0,0,600.0,0.0,600.0,0.0,Sunday,10,0,600.0,100
2025-10-19,Dal,0,0,200.0,0.0,200.0,0.0,Sunday,10,0,200.0,35
2025-10-19,Wheat,0,0,233.11,0.0,233.11,0.0,Sunday,10,0,233.11,60
2025-10-19,Oil,0,0,54.31,0.0,54.31,0.0,Sunday,10,0,54.31,15
2025-10-20,Rice,448,448,600.0,0.0,402.4,197.6,Monday,10,0,402.4,100
2025-10-20,Dal,448,448,200.0,0.0,135.85,64.15,Monday,10,0,135.85,35
2025-10-20,Wheat,448,448,233.11,0.0,117.33,115.78,Monday,10,0,117.33,60
2025-10-20,Oil,448,448,54.31,0.0,29.85,24.46,Monday,10,0,29.85,15
2025-10-21,Rice,475,475,402.4,0.0,197.76,204.64,Tuesday,10,0,197.76,100
2025-10-21,Dal,475,475,135.85,0.0,67.09,68.76,Tuesday,10,0,67.09,35
2025-10-21,Wheat,475,475,117.33,365.35,350.0,132.68,Tuesday,10,0,350.0,60
2025-10-21,Oil,475,475,29.85,77.24,80.0,27.09,Tuesday,10,0,80.0,15
2025-10-22,Rice,461,461,197.76,619.02,600.0,216.78,Wednesday,10,0,600.0,100
2025-10-22,Dal,461,461,67.09,198.19,200.0,65.28,Wednesday,10,0,200.0,35
2025-10-22,Wheat,461,461,350.0,0.0,232.41,117.59,Wednesday,10,0,232.41,60
2025-10-22,Oil,461,461,80.0,0.0,54.65,25.35,Wednesday,10,0,54.65,15
2025-10-23,Rice,454,454,600.0,0.0,395.81,204.19,Thursday,10,0,395.81,100
2025-10-23,Dal,454,454,200.0,0.0,136.73,63.27,Thursday,10,0,136.73,35
2025-10-23,Wheat,454,454,232.41,341.9,350.0,224.31,Thursday,10,0,350.0,60
2025-10-23,Oil,454,454,54.65,0.0,29.32,25.33,Thursday,10,0,29.32,15
2025-10-24,Rice,431,431,395.81,0.0,182.45,213.36,Friday,10,0,182.45,100
2025-10-24,Dal,431,431,136.73,0.0,74.84,61.89,Friday,10,0,74.84,35
2025-10-24,Wheat,431,431,350.0,0.0,243.06,106.94,Friday,10,0,243.06,60
2025-10-24,Oil,431,431,29.32,73.77,80.0,23.09,Friday,10,0,80.0,15
2025-10-25,Rice,0,0,182.45,0.0,182.45,0.0,Saturday,10,0,182.45,100
2025-10-25,Dal,0,0,74.84,0.0,74.84,0.0,Saturday,10,0,74.84,35
2025-10-25,Wheat,0,0,243.06,0.0,243.06,0.0,Saturday,10,0,243.06,60
2025-10-25,Oil,0,0,80.0,0.0,80.0,0.0,Saturday,10,0,80.0,15
2025-10-26,Rice,0,0,182.45,0.0,182.45,0.0,Sunday,10,0,182.45,100
2025-10-26,Dal,0,0,74.84,0.0,74.84,0.0,Sunday,10,0,74.84,35
2025-10-26,Wheat,0,0,243.06,0.0,243.06,0.0,Sunday,10,0,243.06,60
2025-10-26,Oil,0,0,80.0,0.0,80.0,0.0,Sunday,10,0,80.0,15
2025-10-27,Rice,514,514,182.45,659.83,600.0,242.28,Monday,10,0,600.0,100
2025-10-27,Dal,514,514,74.84,193.45,200.0,68.29,Monday,10,0,200.0,35
2025-10-27,Wheat,514,514,243.06,0.0,102.93,140.13,Monday,10,0,102.93,60
2025-10-27,Oil,514,514,80.0,0.0,51.1,28.9,Monday,10,0,51.1,15
2025-10-28,Rice,447,447,600.0,0.0,390.2,209.8,Tuesday,10,0,390.2,100
2025-10-28,Dal,447,447,200.0,0.0,132.21,67.79,Tuesday,10,0,132.21,35
2025-10-28,Wheat,447,447,102.93,364.61,350.0,117.54,Tuesday,10,0,350.0,60
2025-10-28,Oil,447,447,51.1,0.0,27.61,23.49,Tuesday,10,0,27.61,15
2025-10-29,Rice,448,448,390.2,0.0,186.87,203.33,Wednesday,10,0,186.87,100
2025-10-29,Dal,448,448,132.21,0.0,63.53,68.68,Wednesday,10,0,63.53,35
2025-10-29,Wheat,448,448,350.0,0.0,224.92,125.08,Wednesday,10,0,224.92,60
2025-10-29,Oil,448,448,27.61,78.64,80.0,26.25,Wednesday,10,0,80.0,15
2025-10-30,Rice,465,465,186.87,624.47,600.0,211.34,Thursday,10,0,600.0,100
2025-10-30,Dal,465,465,63.53,204.95,200.0,68.48,Thursday,10,0,200.0,35
2025-10-30,Wheat,465,465,224.92,0.0,101.38,123.54,Thursday,10,0,101.38,60
2025-10-30,Oil,465,465,80.0,0.0,52.51,27.49,Thursday,10,0,52.51,15
2025-10-31,Rice,456,456,600.0,0.0,388.69,211.31,Friday,10,0,388.69,100
2025-10-31,Dal,456,456,200.0,0.0,134.19,65.81,Friday,10,0,134.19,35
2025-10-31,Wheat,456,456,101.38,381.35,350.0,132.73,Friday,10,0,350.0,60
2025-10-31,Oil,456,456,52.51,0.0,26.12,26.39,Friday,10,0,26.12,15
2025-11-01,Rice,0,0,388.69,0.0,388.69,0.0,Saturday,11,0,388.69,100
2025-11-01,Dal,0,0,134.19,0.0,134.19,0.0,Saturday,11,0,134.19,35
2025-11-01,Wheat,0,0,350.0,0.0,350.0,0.0,Saturday,11,0,350.0,60
2025-11-01,Oil,0,0,26.12,0.0,26.12,0.0,Saturday,11,0,26.12,15
2025-11-02,Rice,0,0,388.69,0.0,388.69,0.0,Sunday,11,0,388.69,100
2025-11-02,Dal,0,0,134.19,0.0,134.19,0.0,Sunday,11,0,134.19,35
2025-11-02,Wheat,0,0,350.0,0.0,350.0,0.0,Sunday,11,0,350.0,60
2025-11-02,Oil,0,0,26.12,0.0,26.12,0.0,Sunday,11,0,26.12,15
2025-11-03,Rice,418,418,388.69,0.0,179.6,209.09,Monday,11,0,179.6,100
2025-11-03,Dal,418,418,134.19,0.0,72.95,61.24,Monday,11,0,72.95,35
2025-11-03,Wheat,418,418,350.0,0.0,242.67,107.33,Monday,11,0,242.67,60
2025-11-03,Oil,418,418,26.12,75.62,80.0,21.74,Monday,11,0,80.0,15
2025-11-04,Rice,455,455,179.6,634.03,600.0,213.63,Tuesday,11,0,600.0,100
2025-11-04,Dal,455,455,72.95,188.75,200.0,61.7,Tuesday,11,0,200.0,35
2025-11-04,Wheat,455,455,242.67,0.0,117.32,125.35,Tuesday,11,0,117.32,60
2025-11-04,Oil,455,455,80.0,0.0,54.87,25.13,Tuesday,11,0,54.87,15
2025-11-05,Rice,438,438,600.0,0.0,385.25,214.75,Wednesday,11,0,385.25,100
2025-11-05,Dal,438,438,200.0,0.0,141.35,58.65,Wednesday,11,0,141.35,35
2025-11-05,Wheat,438,438,117.32,348.0,350.0,115.32,Wednesday,11,0,350.0,60
2025-11-05,Oil,438,438,54.87,0.0,29.55,25.32,Wednesday,11,0,29.55,15
2025-11-06,Rice,437,437,385.25,0.0,179.13,206.12,Thursday,11,0,179.13,100
2025-11-06,Dal,437,437,141.35,0.0,72.7,68.65,Thursday,11,0,72.7,35
2025-11-06,Wheat,437,437,350.0,0.0,231.32,118.68,Thursday,11,0,231.32,60
2025-11-06,Oil,437,437,29.55,75.11,80.0,24.66,Thursday,11,0,80.0,15
2025-11-07,Rice,485,485,179.13,632.71,600.0,211.84,Friday,11,0,600.0,100
2025-11-07,Dal,485,485,72.7,194.87,200.0,67.57,Friday,11,0,200.0,35
2025-11-07,Wheat,485,485,231.32,0.0,108.0,123.32,Friday,11,0,108.0,60
2025-11-07,Oil,485,485,80.0,0.0,55.53,24.47,Friday,11,0,55.53,15
2025-11-08,Rice,0,0,600.0,0.0,600.0,0.0,Saturday,11,0,600.0,100
2025-11-08,Dal,0,0,200.0,0.0,200.0,0.0,Saturday,11,0,200.0,35
2025-11-08,Wheat,0,0,108.0,0.0,108.0,0.0,Saturday,11,0,108.0,60
2025-11-08,Oil,0,0,55.53,0.0,55.53,0.0,Saturday,11,0,55.53,15
2025-11-09,Rice,0,0,600.0,0.0,600.0,0.0,Sunday,11,0,600.0,100
2025-11-09,Dal,0,0,200.0,0.0,200.0,0.0,Sunday,11,0,200.0,35
2025-11-09,Wheat,0,0,108.0,0.0,108.0,0.0,Sunday,11,0,108.0,60
2025-11-09,Oil,0,0,55.53,0.0,55.53,0.0,Sunday,11,0,55.53,15
2025-11-10,Rice,449,449,600.0,0.0,389.17,210.83,Monday,11,0,389.17,100
2025-11-10,Dal,449,449,200.0,0.0,134.14,65.86,Monday,11,0,134.14,35
2025-11-10,Wheat,449,449,108.0,360.1,350.0,118.1,Monday,11,0,350.0,60
2025-11-10,Oil,449,449,55.53,0.0,29.85,25.68,Monday,11,0,29.85,15
2025-11-11,Rice,455,455,389.17,0.0,168.12,221.05,Tuesday,11,0,168.12,100
2025-11-11,Dal,455,455,134.14,0.0,69.89,64.25,Tuesday,11,0,69.89,35
2025-11-11,Wheat,455,455,350.0,0.0,226.12,123.88,Tuesday,11,0,226.12,60
2025-11-11,Oil,455,455,29.85,93.31,80.0,43.16,Tuesday,11,0,80.0,15
2025-11-12,Rice,457,457,168.12,632.69,600.0,200.81,Wednesday,11,0,600.0,100
2025-11-12,Dal,457,457,69.89,192.26,200.0,62.15,Wednesday,11,0,200.0,35
2025-11-12,Wheat,457,457,226.12,0.0,102.72,123.4,Wednesday,11,0,102.72,60
2025-11-12,Oil,457,457,80.0,0.0,54.6,25.4,Wednesday,11,0,54.6,15
2025-11-13,Rice,511,511,600.0,0.0,341.79,258.21,Thursday,11,0,341.79,100
2025-11-13,Dal,511,511,200.0,0.0,125.06,74.94,Thursday,11,0,125.06,35
2025-11-13,Wheat,511,511,102.72,385.62,350.0,138.34,Thursday,11,0,350.0,60
2025-11-13,Oil,511,511,54.6,0.0,26.66,27.94,Thursday,11,0,26.66,15
2025-11-14,Rice,436,436,341.79,0.0,143.21,198.58,Friday,11,0,143.21,100
2025-11-14,Dal,436,436,125.06,0.0,60.99,64.07,Friday,11,0,60.99,35
2025-11-14,Wheat,436,436,350.0,0.0,234.27,115.73,Friday,11,0,234.27,60
2025-11-14,Oil,436,436,26.66,76.12,80.0,22.78,Friday,11,0,80.0,15
2025-11-15,Rice,0,0,143.21,0.0,143.21,0.0,Saturday,11,0,143.21,100
2025-11-15,Dal,0,0,60.99,0.0,60.99,0.0,Saturday,11,0,60.99,35
2025-11-15,Wheat,0,0,234.27,0.0,234.27,0.0,Saturday,11,0,234.27,60
2025-11-15,Oil,0,0,80.0,0.0,80.0,0.0,Saturday,11,0,80.0,15
2025-11-16,Rice,0,0,143.21,0.0,143.21,0.0,Sunday,11,0,143.21,100
2025-11-16,Dal,0,0,60.99,0.0,60.99,0.0,Sunday,11,0,60.99,35
2025-11-16,Wheat,0,0,234.27,0.0,234.27,0.0,Sunday,11,0,234.27,60
2025-11-16,Oil,0,0,80.0,0.0,80.0,0.0,Sunday,11,0,80.0,15
2025-11-17,Rice,465,465,143.21,692.5,600.0,235.71,Monday,11,0,600.0,100
2025-11-17,Dal,465,465,60.99,210.76,200.0,71.75,Monday,11,0,200.0,35
2025-11-17,Wheat,465,465,234.27,0.0,107.7,126.57,Monday,11,0,107.7,60
2025-11-17,Oil,465,465,80.0,0.0,55.46,24.54,Monday,11,0,55.46,15
2025-11-18,Rice,415,415,600.0,0.0,402.09,197.91,Tuesday,11,0,402.09,100
2025-11-18,Dal,415,415,200.0,0.0,144.17,55.83,Tuesday,11,0,144.17,35
2025-11-18,Wheat,415,415,107.7,350.22,350.0,107.92,Tuesday,11,0,350.0,60
2025-11-18,Oil,415,415,55.46,0.0,31.61,23.85,Tuesday,11,0,31.61,15
2025-11-19,Rice,431,431,402.09,0.0,199.49,202.6,Wednesday,11,0,199.49,100
2025-11-19,Dal,431,431,144.17,0.0,80.87,63.3,Wednesday,11,0,80.87,35
2025-11-19,Wheat,431,431,350.0,0.0,232.25,117.75,Wednesday,11,0,232.25,60
2025-11-19,Oil,431,431,31.61,72.66,80.0,24.27,Wednesday,11,0,80.0,15
2025-11-20,Rice,464,464,199.49,632.87,600.0,232.36,Thursday,11,0,600.0,100
2025-11-20,Dal,464,464,80.87,189.85,200.0,70.72,Thursday,11,0,200.0,35
2025-11-20,Wheat,464,464,232.25,0.0,103.8,128.45,Thursday,11,0,103.8,60
2025-11-20,Oil,464,464,80.0,0.0,53.26,26.74,Thursday,11,0,53.26,15
2025-11-21,Rice,477,477,600.0,0.0,376.81,223.19,Friday,11,0,376.81,100
2025-11-21,Dal,477,477,200.0,0.0,131.9,68.1,Friday,11,0,131.9,35
2025-11-21,Wheat,477,477,103.8,372.67,350.0,126.47,Friday,11,0,350.0,60
2025-11-21,Oil,477,477,53.26,0.0,26.56,26.7,Friday,11,0,26.56,15
2025-11-22,Rice,0,0,376.81,0.0,376.81,0.0,Saturday,11,0,376.81,100
2025-11-22,Dal,0,0,131.9,0.0,131.9,0.0,Saturday,11,0,131.9,35
2025-11-22,Wheat,0,0,350.0,0.0,350.0,0.0,Saturday,11,0,350.0,60
2025-11-22,Oil,0,0,26.56,0.0,26.56,0.0,Saturday,11,0,26.56,15
2025-11-23,Rice,0,0,376.81,0.0,376.81,0.0,Sunday,11,0,376.81,100
2025-11-23,Dal,0,0,131.9,0.0,131.9,0.0,Sunday,11,0,131.9,35
2025-11-23,Wheat,0,0,350.0,0.0,350.0,0.0,Sunday,11,0,350.0,60
2025-11-23,Oil,0,0,26.56,0.0,26.56,0.0,Sunday,11,0,26.56,15
2025-11-24,Rice,459,459,376.81,0.0,155.33,221.48,Monday,11,0,155.33,100
2025-11-24,Dal,459,459,131.9,0.0,70.21,61.69,Monday,11,0,70.21,35
2025-11-24,Wheat,459,459,350.0,0.0,220.21,129.79,Monday,11,0,220.21,60
2025-11-24,Oil,459,459,26.56,96.9,80.0,43.46,Monday,11,0,80.0,15
2025-11-25,Rice,440,440,155.33,653.59,600.0,208.92,Tuesday,11,0,600.0,100
2025-11-25,Dal,440,440,70.21,192.56,200.0,62.77,Tuesday,11,0,200.0,35
2025-11-25,Wheat,440,440,220.21,0.0,99.32,120.89,Tuesday,11,0,99.32,60
2025-11-25,Oil,440,440,80.0,0.0,54.83,25.17,Tuesday,11,0,54.83,15
2025-11-26,Rice,465,465,600.0,0.0,382.51,217.49,Wednesday,11,0,382.51,100
2025-11-26,Dal,465,465,200.0,0.0,134.53,65.47,Wednesday,11,0,134.53,35
2025-11-26,Wheat,465,465,99.32,374.74,350.0,124.06,Wednesday,11,0,350.0,60
2025-11-26,Oil,465,465,54.83,0.0,29.91,24.92,Wednesday,11,0,29.91,15
2025-11-27,Rice,454,454,382.51,0.0,171.39,211.12,Thursday,11,0,171.39,100
2025-11-27,Dal,454,454,134.53,0.0,69.61,64.92,Thursday,11,0,69.61,35
2025-11-27,Wheat,454,454,350.0,0.0,217.26,132.74,Thursday,11,0,217.26,60
2025-11-27,Oil,454,454,29.91,74.99,80.0,24.9,Thursday,11,0,80.0,15
2025-11-28,Rice,489,489,171.39,659.74,600.0,231.13,Friday,11,0,600.0,100
2025-11-28,Dal,489,489,69.61,202.86,200.0,72.47,Friday,11,0,200.0,35
2025-11-28,Wheat,489,489,217.26,0.0,88.45,128.81,Friday,11,0,88.45,60
2025-11-28,Oil,489,489,80.0,0.0,52.97,27.03,Friday,11,0,52.97,15
2025-11-29,Rice,0,0,600.0,0.0,600.0,0.0,Saturday,11,0,600.0,100
2025-11-29,Dal,0,0,200.0,0.0,200.0,0.0,Saturday,11,0,200.0,35
2025-11-29,Wheat,0,0,88.45,0.0,88.45,0.0,Saturday,11,0,88.45,60
2025-11-29,Oil,0,0,52.97,0.0,52.97,0.0,Saturday,11,0,52.97,15
2025-11-30,Rice,0,0,600.0,0.0,600.0,0.0,Sunday,11,0,600.0,100
2025-11-30,Dal,0,0,200.0,0.0,200.0,0.0,Sunday,11,0,200.0,35
2025-11-30,Wheat,0,0,88.45,0.0,88.45,0.0,Sunday,11,0,88.45,60
2025-11-30,Oil,0,0,52.97,0.0,52.97,0.0,Sunday,11,0,52.97,15
2025-12-01,Rice,448,448,600.0,0.0,392.83,207.17,Monday,12,0,392.83,100
2025-12-01,Dal,448,448,200.0,0.0,136.87,63.13,Monday,12,0,136.87,35
2025-12-01,Wheat,448,448,88.45,380.11,350.0,118.56,Monday,12,0,350.0,60
2025-12-01,Oil,448,448,52.97,0.0,27.87,25.1,Monday,12,0,27.87,15
2025-12-02,Rice,466,466,392.83,0.0,174.12,218.71,Tuesday,12,0,174.12,100
2025-12-02,Dal,466,466,136.87,0.0,71.75,65.12,Tuesday,12,0,71.75,35
2025-12-02,Wheat,466,466,350.0,0.0,220.9,129.1,Tuesday,12,0,220.9,60
2025-12-02,Oil,466,466,27.87,78.31,80.0,26.18,Tuesday,12,0,80.0,15
2025-12-03,Rice,447,447,174.12,619.0,600.0,193.12,Wednesday,12,0,600.0,100
2025-12-03,Dal,447,447,71.75,192.93,200.0,64.68,Wednesday,12,0,200.0,35
2025-12-03,Wheat,447,447,220.9,0.0,97.69,123.21,Wednesday,12,0,97.69,60
2025-12-03,Oil,447,447,80.0,0.0,54.82,25.18,Wednesday,12,0,54.82,15
2025-12-04,Rice,458,458,600.0,0.0,372.91,227.09,Thursday,12,0,372.91,100
2025-12-04,Dal,458,458,200.0,0.0,131.26,68.74,Thursday,12,0,131.26,35
2025-12-04,Wheat,458,458,97.69,364.44,350.0,112.13,Thursday,12,0,350.0,60
2025-12-04,Oil,458,458,54.82,0.0,28.0,26.82,Thursday,12,0,28.0,15
2025-12-05,Rice,461,461,372.91,0.0,151.81,221.1,Friday,12,0,151.81,100
2025-12-05,Dal,461,461,131.26,0.0,69.62,61.64,Friday,12,0,69.62,35
2025-12-05,Wheat,461,461,350.0,0.0,225.66,124.34,Friday,12,0,225.66,60
2025-12-05,Oil,461,461,28.0,76.82,80.0,24.82,Friday,12,0,80.0,15
2025-12-06,Rice,0,0,151.81,0.0,151.81,0.0,Saturday,12,0,151.81,100
2025-12-06,Dal,0,0,69.62,0.0,69.62,0.0,Saturday,12,0,69.62,35
2025-12-06,Wheat,0,0,225.66,0.0,225.66,0.0,Saturday,12,0,225.66,60
2025-12-06,Oil,0,0,80.0,0.0,80.0,0.0,Saturday,12,0,80.0,15
2025-12-07,Rice,0,0,151.81,0.0,151.81,0.0,Sunday,12,0,151.81,100
2025-12-07,Dal,0,0,69.62,0.0,69.62,0.0,Sunday,12,0,69.62,35
2025-12-07,Wheat,0,0,225.66,0.0,225.66,0.0,Sunday,12,0,225.66,60
2025-12-07,Oil,0,0,80.0,0.0,80.0,0.0,Sunday,12,0,80.0,15
2025-12-08,Rice,453,453,151.81,660.85,600.0,212.66,Monday,12,0,600.0,100
2025-12-08,Dal,453,453,69.62,194.29,200.0,63.91,Monday,12,0,200.0,35
2025-12-08,Wheat,453,453,225.66,0.0,115.67,109.99,Monday,12,0,115.67,60
2025-12-08,Oil,453,453,80.0,0.0,55.15,24.85,Monday,12,0,55.15,15
2025-12-09,Rice,432,432,600.0,0.0,400.63,199.37,Tuesday,12,0,400.63,100
2025-12-09,Dal,432,432,200.0,0.0,134.09,65.91,Tuesday,12,0,134.09,35
2025-12-09,Wheat,432,432,115.67,347.3,350.0,112.97,Tuesday,12,0,350.0,60
2025-12-09,Oil,432,432,55.15,0.0,32.14,23.01,Tuesday,12,0,32.14,15
2025-12-10,Rice,449,449,400.63,0.0,184.33,216.3,Wednesday,12,0,184.33,100
2025-12-10,Dal,449,449,134.09,0.0,72.05,62.04,Wednesday,12,0,72.05,35
2025-12-10,Wheat,449,449,350.0,0.0,232.14,117.86,Wednesday,12,0,232.14,60
2025-12-10,Oil,449,449,32.14,71.42,80.0,23.56,Wednesday,12,0,80.0,15
2025-12-11,Rice,421,421,184.33,595.07,600.0,179.4,Thursday,12,0,600.0,100
2025-12-11,Dal,421,421,72.05,185.92,200.0,57.97,Thursday,12,0,200.0,35
2025-12-11,Wheat,421,421,232.14,0.0,116.97,115.17,Thursday,12,0,116.97,60
2025-12-11,Oil,421,421,80.0,0.0,56.63,23.37,Thursday,12,0,56.63,15
2025-12-12,Rice,484,484,600.0,0.0,375.32,224.68,Friday,12,0,375.32,100
2025-12-12,Dal,484,484,200.0,0.0,132.95,67.05,Friday,12,0,132.95,35
2025-12-12,Wheat,484,484,116.97,369.68,350.0,136.65,Friday,12,0,350.0,60
2025-12-12,Oil,484,484,56.63,0.0,28.34,28.29,Friday,12,0,28.34,15
2025-12-13,Rice,0,0,375.32,0.0,375.32,0.0,Saturday,12,0,375.32,100
2025-12-13,Dal,0,0,132.95,0.0,132.95,0.0,Saturday,12,0,132.95,35
2025-12-13,Wheat,0,0,350.0,0.0,350.0,0.0,Saturday,12,0,350.0,60
2025-12-13,Oil,0,0,28.34,0.0,28.34,0.0,Saturday,12,0,28.34,15
2025-12-14,Rice,0,0,375.32,0.0,375.32,0.0,Sunday,12,0,375.32,100
2025-12-14,Dal,0,0,132.95,0.0,132.95,0.0,Sunday,12,0,132.95,35
2025-12-14,Wheat,0,0,350.0,0.0,350.0,0.0,Sunday,12,0,350.0,60
2025-12-14,Oil,0,0,28.34,0.0,28.34,0.0,Sunday,12,0,28.34,15
2025-12-15,Rice,473,473,375.32,0.0,151.29,224.03,Monday,12,0,151.29,100
2025-12-15,Dal,473,473,132.95,0.0,64.91,68.04,Monday,12,0,64.91,35
2025-12-15,Wheat,473,473,350.0,0.0,219.25,130.75,Monday,12,0,219.25,60
2025-12-15,Oil,473,473,28.34,78.19,80.0,26.53,Monday,12,0,80.0,15
2025-12-16,Rice,493,493,151.29,659.46,600.0,210.75,Tuesday,12,0,600.0,100
2025-12-16,Dal,493,493,64.91,202.14,200.0,67.05,Tuesday,12,0,200.0,35
2025-12-16,Wheat,493,493,219.25,0.0,86.72,132.53,Tuesday,12,0,86.72,60
2025-12-16,Oil,493,493,80.0,0.0,51.78,28.22,Tuesday,12,0,51.78,15
2025-12-17,Rice,454,454,600.0,0.0,388.93,211.07,Wednesday,12,0,388.93,100
2025-12-17,Dal,454,454,200.0,0.0,133.39,66.61,Wednesday,12,0,133.39,35
2025-12-17,Wheat,454,454,86.72,387.69,350.0,124.41,Wednesday,12,0,350.0,60
2025-12-17,Oil,454,454,51.78,0.0,26.02,25.76,Wednesday,12,0,26.02,15
2025-12-18,Rice,450,450,388.93,0.0,181.57,207.36,Thursday,12,0,181.57,100
2025-12-18,Dal,450,450,133.39,0.0,74.09,59.3,Thursday,12,0,74.09,35
2025-12-18,Wheat,450,450,350.0,0.0,233.35,116.65,Thursday,12,0,233.35,60
2025-12-18,Oil,450,450,26.02,80.49,80.0,26.51,Thursday,12,0,80.0,15
2025-12-19,Rice,453,453,181.57,633.35,600.0,214.92,Friday,12,0,600.0,100
2025-12-19,Dal,453,453,74.09,189.5,200.0,63.59,Friday,12,0,200.0,35
2025-12-19,Wheat,453,453,233.35,0.0,112.49,120.86,Friday,12,0,112.49,60
2025-12-19,Oil,453,453,80.0,0.0,53.7,26.3,Friday,12,0,53.7,15
2025-12-20,Rice,0,0,600.0,0.0,600.0,0.0,Saturday,12,0,600.0,100
2025-12-20,Dal,0,0,200.0,0.0,200.0,0.0,Saturday,12,0,200.0,35
2025-12-20,Wheat,0,0,112.49,0.0,112.49,0.0,Saturday,12,0,112.49,60
2025-12-20,Oil,0,0,53.7,0.0,53.7,0.0,Saturday,12,0,53.7,15
2025-12-21,Rice,0,0,600.0,0.0,600.0,0.0,Sunday,12,0,600.0,100
2025-12-21,Dal,0,0,200.0,0.0,200.0,0.0,Sunday,12,0,200.0,35
2025-12-21,Wheat,0,0,112.49,0.0,112.49,0.0,Sunday,12,0,112.49,60
2025-12-21,Oil,0,0,53.7,0.0,53.7,0.0,Sunday,12,0,53.7,15
2025-12-22,Rice,492,492,600.0,0.0,362.14,237.86,Monday,12,0,362.14,100
2025-12-22,Dal,492,492,200.0,0.0,126.66,73.34,Monday,12,0,126.66,35
2025-12-22,Wheat,492,492,112.49,492.39,350.0,254.88,Monday,12,0,350.0,60
2025-12-22,Oil,492,492,53.7,0.0,26.06,27.64,Monday,12,0,26.06,15
2025-12-23,Rice,438,438,362.14,0.0,152.5,209.64,Tuesday,12,0,152.5,100
2025-12-23,Dal,438,438,126.66,0.0,64.3,62.36,Tuesday,12,0,64.3,35
2025-12-23,Wheat,438,438,350.0,0.0,225.8,124.2,Tuesday,12,0,225.8,60
2025-12-23,Oil,438,438,26.06,76.88,80.0,22.94,Tuesday,12,0,80.0,15
2025-12-24,Rice,449,449,152.5,659.31,600.0,211.81,Wednesday,12,0,600.0,100
2025-12-24,Dal,449,449,64.3,200.3,200.0,64.6,Wednesday,12,0,200.0,35
2025-12-24,Wheat,449,449,225.8,0.0,106.65,119.15,Wednesday,12,0,106.65,60
2025-12-24,Oil,449,449,80.0,0.0,56.16,23.84,Wednesday,12,0,56.16,15
2025-12-25,Rice,0,0,600.0,0.0,600.0,0.0,Thursday,12,1,600.0,100
2025-12-25,Dal,0,0,200.0,0.0,200.0,0.0,Thursday,12,1,200.0,35
2025-12-25,Wheat,0,0,106.65,0.0,106.65,0.0,Thursday,12,1,106.65,60
2025-12-25,Oil,0,0,56.16,0.0,56.16,0.0,Thursday,12,1,56.16,15
2025-12-26,Rice,0,0,600.0,0.0,600.0,0.0,Friday,12,1,600.0,100
2025-12-26,Dal,0,0,200.0,0.0,200.0,0.0,Friday,12,1,200.0,35
2025-12-26,Wheat,0,0,106.65,0.0,106.65,0.0,Friday,12,1,106.65,60
2025-12-26,Oil,0,0,56.16,0.0,56.16,0.0,Friday,12,1,56.16,15
2025-12-27,Rice,0,0,600.0,0.0,600.0,0.0,Saturday,12,1,600.0,100
2025-12-27,Dal,0,0,200.0,0.0,200.0,0.0,Saturday,12,1,200.0,35
2025-12-27,Wheat,0,0,106.65,0.0,106.65,0.0,Saturday,12,1,106.65,60
2025-12-27,Oil,0,0,56.16,0.0,56.16,0.0,Saturday,12,1,56.16,15
2025-12-28,Rice,0,0,600.0,0.0,600.0,0.0,Sunday,12,1,600.0,100
2025-12-28,Dal,0,0,200.0,0.0,200.0,0.0,Sunday,12,1,200.0,35
2025-12-28,Wheat,0,0,106.65,0.0,106.65,0.0,Sunday,12,1,106.65,60
2025-12-28,Oil,0,0,56.16,0.0,56.16,0.0,Sunday,12,1,56.16,15
2025-12-29,Rice,0,0,600.0,0.0,600.0,0.0,Monday,12,1,600.0,100
2025-12-29,Dal,0,0,200.0,0.0,200.0,0.0,Monday,12,1,200.0,35
2025-12-29,Wheat,0,0,106.65,0.0,106.65,0.0,Monday,12,1,106.65,60
2025-12-29,Oil,0,0,56.16,0.0,56.16,0.0,Monday,12,1,56.16,15
2025-12-30,Rice,0,0,600.0,0.0,600.0,0.0,Tuesday,12,1,600.0,100
2025-12-30,Dal,0,0,200.0,0.0,200.0,0.0,Tuesday,12,1,200.0,35
2025-12-30,Wheat,0,0,106.65,0.0,106.65,0.0,Tuesday,12,1,106.65,60
2025-12-30,Oil,0,0,56.16,0.0,56.16,0.0,Tuesday,12,1,56.16,15
2025-12-31,Rice,0,0,600.0,0.0,600.0,0.0,Wednesday,12,1,600.0,100
2025-12-31,Dal,0,0,200.0,0.0,200.0,0.0,Wednesday,12,1,200.0,35
2025-12-31,Wheat,0,0,106.65,0.0,106.65,0.0,Wednesday,12,1,106.65,60
2025-12-31,Oil,0,0,56.16,0.0,56.16,0.0,Wednesday,12,1,56.16,15
2026-01-01,Rice,0,0,600.0,0.0,600.0,0.0,Thursday,1,1,600.0,100
2026-01-01,Dal,0,0,200.0,0.0,200.0,0.0,Thursday,1,1,200.0,35
2026-01-01,Wheat,0,0,106.65,0.0,106.65,0.0,Thursday,1,1,106.65,60
2026-01-01,Oil,0,0,56.16,0.0,56.16,0.0,Thursday,1,1,56.16,15
2026-01-02,Rice,0,0,600.0,0.0,600.0,0.0,Friday,1,1,600.0,100
2026-01-02,Dal,0,0,200.0,0.0,200.0,0.0,Friday,1,1,200.0,35
2026-01-02,Wheat,0,0,106.65,0.0,106.65,0.0,Friday,1,1,106.65,60
2026-01-02,Oil,0,0,56.16,0.0,56.16,0.0,Friday,1,1,56.16,15
2026-01-03,Rice,0,0,600.0,0.0,600.0,0.0,Saturday,1,1,600.0,100
2026-01-03,Dal,0,0,200.0,0.0,200.0,0.0,Saturday,1,1,200.0,35
2026-01-03,Wheat,0,0,106.65,0.0,106.65,0.0,Saturday,1,1,106.65,60
2026-01-03,Oil,0,0,56.16,0.0,56.16,0.0,Saturday,1,1,56.16,15
2026-01-04,Rice,0,0,600.0,0.0,600.0,0.0,Sunday,1,1,600.0,100
2026-01-04,Dal,0,0,200.0,0.0,200.0,0.0,Sunday,1,1,200.0,35
2026-01-04,Wheat,0,0,106.65,0.0,106.65,0.0,Sunday,1,1,106.65,60
2026-01-04,Oil,0,0,56.16,0.0,56.16,0.0,Sunday,1,1,56.16,15
2026-01-05,Rice,0,0,600.0,0.0,600.0,0.0,Monday,1,1,600.0,100
2026-01-05,Dal,0,0,200.0,0.0,200.0,0.0,Monday,1,1,200.0,35
2026-01-05,Wheat,0,0,106.65,0.0,106.65,0.0,Monday,1,1,106.65,60
2026-01-05,Oil,0,0,56.16,0.0,56.16,0.0,Monday,1,1,56.16,15
2026-01-06,Rice,479,479,600.0,0.0,371.63,228.37,Tuesday,1,0,371.63,100
2026-01-06,Dal,479,479,200.0,0.0,130.96,69.04,Tuesday,1,0,130.96,35
2026-01-06,Wheat,479,479,106.65,369.73,350.0,126.38,Tuesday,1,0,350.0,60
2026-01-06,Oil,479,479,56.16,0.0,28.43,27.73,Tuesday,1,0,28.43,15
2026-01-07,Rice,451,451,371.63,0.0,157.78,213.85,Wednesday,1,0,157.78,100
2026-01-07,Dal,451,451,130.96,0.0,67.89,63.07,Wednesday,1,0,67.89,35
2026-01-07,Wheat,451,451,350.0,0.0,225.81,124.19,Wednesday,1,0,225.81,60
2026-01-07,Oil,451,451,28.43,74.99,80.0,23.42,Wednesday,1,0,80.0,15
2026-01-08,Rice,417,417,157.78,632.19,600.0,189.97,Thursday,1,0,600.0,100
2026-01-08,Dal,417,417,67.89,193.17,200.0,61.06,Thursday,1,0,200.0,35
2026-01-08,Wheat,417,417,225.81,0.0,107.27,118.54,Thursday,1,0,107.27,60
2026-01-08,Oil,417,417,80.0,0.0,55.78,24.22,Thursday,1,0,55.78,15
2026-01-09,Rice,443,443,600.0,0.0,406.97,193.03,Friday,1,0,406.97,100
2026-01-09,Dal,443,443,200.0,0.0,133.01,66.99,Friday,1,0,133.01,35
2026-01-09,Wheat,443,443,107.27,351.16,350.0,108.43,Friday,1,0,350.0,60
2026-01-09,Oil,443,443,55.78,0.0,30.22,25.56,Friday,1,0,30.22,15
2026-01-10,Rice,0,0,406.97,0.0,406.97,0.0,Saturday,1,0,406.97,100
2026-01-10,Dal,0,0,133.01,0.0,133.01,0.0,Saturday,1,0,133.01,35
2026-01-10,Wheat,0,0,350.0,0.0,350.0,0.0,Saturday,1,0,350.0,60
2026-01-10,Oil,0,0,30.22,0.0,30.22,0.0,Saturday,1,0,30.22,15
2026-01-11,Rice,0,0,406.97,0.0,406.97,0.0,Sunday,1,0,406.97,100
2026-01-11,Dal,0,0,133.01,0.0,133.01,0.0,Sunday,1,0,133.01,35
2026-01-11,Wheat,0,0,350.0,0.0,350.0,0.0,Sunday,1,0,350.0,60
2026-01-11,Oil,0,0,30.22,0.0,30.22,0.0,Sunday,1,0,30.22,15
2026-01-12,Rice,445,445,406.97,0.0,202.97,204.0,Monday,1,0,202.97,100
2026-01-12,Dal,445,445,133.01,0.0,73.84,59.17,Monday,1,0,73.84,35
2026-01-12,Wheat,445,445,350.0,0.0,219.77,130.23,Monday,1,0,219.77,60
2026-01-12,Oil,445,445,30.22,74.34,80.0,24.56,Monday,1,0,80.0,15
2026-01-13,Rice,472,472,202.97,616.64,600.0,219.61,Tuesday,1,0,600.0,100
2026-01-13,Dal,472,472,73.84,195.4,200.0,69.24,Tuesday,1,0,200.0,35
2026-01-13,Wheat,472,472,219.77,0.0,104.14,115.63,Tuesday,1,0,104.14,60
2026-01-13,Oil,472,472,80.0,0.0,53.76,26.24,Tuesday,1,0,53.76,15
2026-01-14,Rice,458,458,600.0,0.0,389.04,210.96,Wednesday,1,0,389.04,100
2026-01-14,Dal,458,458,200.0,0.0,133.55,66.45,Wednesday,1,0,133.55,35
2026-01-14,Wheat,458,458,104.14,369.4,350.0,123.54,Wednesday,1,0,350.0,60
2026-01-14,Oil,458,458,53.76,0.0,28.23,25.53,Wednesday,1,0,28.23,15
2026-01-15,Rice,471,471,389.04,613.17,600.0,402.21,Thursday,1,0,600.0,100
2026-01-15,Dal,471,471,133.55,0.0,64.73,68.82,Thursday,1,0,64.73,35
2026-01-15,Wheat,471,471,350.0,0.0,218.85,131.15,Thursday,1,0,218.85,60
2026-01-15,Oil,471,471,28.23,77.78,80.0,26.01,Thursday,1,0,80.0,15
2026-01-16,Rice,462,462,600.0,0.0,376.44,223.56,Friday,1,0,376.44,100
2026-01-16,Dal,462,462,64.73,201.14,200.0,65.87,Friday,1,0,200.0,35
2026-01-16,Wheat,462,462,218.85,0.0,95.11,123.74,Friday,1,0,95.11,60
2026-01-16,Oil,462,462,80.0,0.0,54.95,25.05,Friday,1,0,54.95,15
2026-01-17,Rice,0,0,376.44,0.0,376.44,0.0,Saturday,1,0,376.44,100
2026-01-17,Dal,0,0,200.0,0.0,200.0,0.0,Saturday,1,0,200.0,35
2026-01-17,Wheat,0,0,95.11,0.0,95.11,0.0,Saturday,1,0,95.11,60
2026-01-17,Oil,0,0,54.95,0.0,54.95,0.0,Saturday,1,0,54.95,15
2026-01-18,Rice,0,0,376.44,0.0,376.44,0.0,Sunday,1,0,376.44,100
2026-01-18,Dal,0,0,200.0,0.0,200.0,0.0,Sunday,1,0,200.0,35
2026-01-18,Wheat,0,0,95.11,0.0,95.11,0.0,Sunday,1,0,95.11,60
2026-01-18,Oil,0,0,54.95,0.0,54.95,0.0,Sunday,1,0,54.95,15
2026-01-19,Rice,448,448,376.44,0.0,153.5,222.94,Monday,1,0,153.5,100
2026-01-19,Dal,448,448,200.0,0.0,133.3,66.7,Monday,1,0,133.3,35
2026-01-19,Wheat,448,448,95.11,377.69,350.0,122.8,Monday,1,0,350.0,60
2026-01-19,Oil,448,448,54.95,0.0,30.08,24.87,Monday,1,0,30.08,15
2026-01-20,Rice,458,458,153.5,672.59,600.0,226.09,Tuesday,1,0,600.0,100
2026-01-20,Dal,458,458,133.3,0.0,65.61,67.69,Tuesday,1,0,65.61,35
2026-01-20,Wheat,458,458,350.0,0.0,228.77,121.23,Tuesday,1,0,228.77,60
2026-01-20,Oil,458,458,30.08,74.21,80.0,24.29,Tuesday,1,0,80.0,15
2026-01-21,Rice,422,422,600.0,0.0,401.3,198.7,Wednesday,1,0,401.3,100
2026-01-21,Dal,422,422,65.61,194.36,200.0,59.97,Wednesday,1,0,200.0,35
2026-01-21,Wheat,422,422,228.77,0.0,120.58,108.19,Wednesday,1,0,120.58,60
2026-01-21,Oil,422,422,80.0,0.0,58.17,21.83,Wednesday,1,0,58.17,15
2026-01-22,Rice,413,413,401.3,0.0,203.3,198.0,Thursday,1,0,203.3,100
2026-01-22,Dal,413,413,200.0,0.0,139.85,60.15,Thursday,1,0,139.85,35
2026-01-22,Wheat,413,413,120.58,342.18,350.0,112.76,Thursday,1,0,350.0,60
2026-01-22,Oil,413,413,58.17,0.0,35.23,22.94,Thursday,1,0,35.23,15
2026-01-23,Rice,415,415,203.3,592.58,600.0,195.88,Friday,1,0,600.0,100
2026-01-23,Dal,415,415,139.85,0.0,77.65,62.2,Friday,1,0,77.65,35
2026-01-23,Wheat,415,415,350.0,0.0,233.38,116.62,Friday,1,0,233.38,60
2026-01-23,Oil,415,415,35.23,67.71,80.0,22.94,Friday,1,0,80.0,15
2026-01-24,Rice,0,0,600.0,0.0,600.0,0.0,Saturday,1,0,600.0,100
2026-01-24,Dal,0,0,77.65,0.0,77.65,0.0,Saturday,1,0,77.65,35
2026-01-24,Wheat,0,0,233.38,0.0,233.38,0.0,Saturday,1,0,233.38,60
2026-01-24,Oil,0,0,80.0,0.0,80.0,0.0,Saturday,1,0,80.0,15
2026-01-25,Rice,0,0,600.0,0.0,600.0,0.0,Sunday,1,0,600.0,100
2026-01-25,Dal,0,0,77.65,0.0,77.65,0.0,Sunday,1,0,77.65,35
2026-01-25,Wheat,0,0,233.38,0.0,233.38,0.0,Sunday,1,0,233.38,60
2026-01-25,Oil,0,0,80.0,0.0,80.0,0.0,Sunday,1,0,80.0,15
2026-01-26,Rice,408,408,600.0,0.0,424.48,175.52,Monday,1,0,424.48,100
2026-01-26,Dal,408,408,77.65,184.53,200.0,62.18,Monday,1,0,200.0,35
2026-01-26,Wheat,408,408,233.38,0.0,122.84,110.54,Monday,1,0,122.84,60
2026-01-26,Oil,408,408,80.0,0.0,57.39,22.61,Monday,1,0,57.39,15
2026-01-27,Rice,431,431,424.48,0.0,228.52,195.96,Tuesday,1,0,228.52,100
2026-01-27,Dal,431,431,200.0,0.0,140.26,59.74,Tuesday,1,0,140.26,35
2026-01-27,Wheat,431,431,122.84,346.04,350.0,118.88,Tuesday,1,0,350.0,60
2026-01-27,Oil,431,431,57.39,0.0,33.64,23.75,Tuesday,1,0,33.64,15
2026-01-28,Rice,442,442,228.52,577.41,600.0,205.93,Wednesday,1,0,600.0,100
2026-01-28,Dal,442,442,140.26,0.0,79.36,60.9,Wednesday,1,0,79.36,35
2026-01-28,Wheat,442,442,350.0,0.0,233.82,116.18,Wednesday,1,0,233.82,60
2026-01-28,Oil,442,442,33.64,70.19,80.0,23.83,Wednesday,1,0,80.0,15
2026-01-29,Rice,434,434,600.0,0.0,401.07,198.93,Thursday,1,0,401.07,100
2026-01-29,Dal,434,434,79.36,186.12,200.0,65.48,Thursday,1,0,200.0,35
2026-01-29,Wheat,434,434,233.82,0.0,113.95,119.87,Thursday,1,0,113.95,60
2026-01-29,Oil,434,434,80.0,0.0,56.68,23.32,Thursday,1,0,56.68,15
2026-01-30,Rice,457,457,401.07,0.0,175.91,225.16,Friday,1,0,175.91,100
2026-01-30,Dal,457,457,200.0,0.0,129.26,70.74,Friday,1,0,129.26,35
2026-01-30,Wheat,457,457,113.95,428.37,350.0,192.32,Friday,1,0,350.0,60
2026-01-30,Oil,457,457,56.68,0.0,31.24,25.44,Friday,1,0,31.24,15
2026-01-31,Rice,0,0,175.91,0.0,175.91,0.0,Saturday,1,0,175.91,100
2026-01-31,Dal,0,0,129.26,0.0,129.26,0.0,Saturday,1,0,129.26,35
2026-01-31,Wheat,0,0,350.0,0.0,350.0,0.0,Saturday,1,0,350.0,60
2026-01-31,Oil,0,0,31.24,0.0,31.24,0.0,Saturday,1,0,31.24,15
2026-02-01,Rice,0,0,175.91,0.0,175.91,0.0,Sunday,2,0,175.91,100
2026-02-01,Dal,0,0,129.26,0.0,129.26,0.0,Sunday,2,0,129.26,35
2026-02-01,Wheat,0,0,350.0,0.0,350.0,0.0,Sunday,2,0,350.0,60
2026-02-01,Oil,0,0,31.24,0.0,31.24,0.0,Sunday,2,0,31.24,15
2026-02-02,Rice,418,418,175.91,620.11,600.0,196.02,Monday,2,0,600.0,100
2026-02-02,Dal,418,418,129.26,0.0,67.41,61.85,Monday,2,0,67.41,35
2026-02-02,Wheat,418,418,350.0,0.0,241.25,108.75,Monday,2,0,241.25,60
2026-02-02,Oil,418,418,31.24,72.16,80.0,23.4,Monday,2,0,80.0,15
2026-02-03,Rice,432,432,600.0,0.0,403.4,196.6,Tuesday,2,0,403.4,100
2026-02-03,Dal,432,432,67.41,198.79,200.0,66.2,Tuesday,2,0,200.0,35
2026-02-03,Wheat,432,432,241.25,0.0,133.84,107.41,Tuesday,2,0,133.84,60
2026-02-03,Oil,432,432,80.0,0.0,56.82,23.18,Tuesday,2,0,56.82,15
2026-02-04,Rice,474,474,403.4,0.0,190.48,212.92,Wednesday,2,0,190.48,100
2026-02-04,Dal,474,474,200.0,0.0,130.91,69.09,Wednesday,2,0,130.91,35
2026-02-04,Wheat,474,474,133.84,343.91,350.0,127.75,Wednesday,2,0,350.0,60
2026-02-04,Oil,474,474,56.82,0.0,30.23,26.59,Wednesday,2,0,30.23,15
2026-02-05,Rice,505,505,190.48,648.59,600.0,239.07,Thursday,2,0,600.0,100
2026-02-05,Dal,505,505,130.91,0.0,52.91,78.0,Thursday,2,0,52.91,35
2026-02-05,Wheat,505,505,350.0,0.0,225.47,124.53,Thursday,2,0,225.47,60
2026-02-05,Oil,505,505,30.23,78.68,80.0,28.91,Thursday,2,0,80.0,15
2026-02-06,Rice,440,440,600.0,0.0,395.42,204.58,Friday,2,0,395.42,100
2026-02-06,Dal,440,440,52.91,207.6,200.0,60.51,Friday,2,0,200.0,35
2026-02-06,Wheat,440,440,225.47,0.0,113.0,112.47,Friday,2,0,113.0,60
2026-02-06,Oil,440,440,80.0,0.0,56.56,23.44,Friday,2,0,56.56,15
2026-02-07,Rice,0,0,395.42,0.0,395.42,0.0,Saturday,2,0,395.42,100
2026-02-07,Dal,0,0,200.0,0.0,200.0,0.0,Saturday,2,0,200.0,35
2026-02-07,Wheat,0,0,113.0,0.0,113.0,0.0,Saturday,2,0,113.0,60
2026-02-07,Oil,0,0,56.56,0.0,56.56,0.0,Saturday,2,0,56.56,15
2026-02-08,Rice,0,0,395.42,0.0,395.42,0.0,Sunday,2,0,395.42,100
2026-02-08,Dal,0,0,200.0,0.0,200.0,0.0,Sunday,2,0,200.0,35
2026-02-08,Wheat,0,0,113.0,0.0,113.0,0.0,Sunday,2,0,113.0,60
2026-02-08,Oil,0,0,56.56,0.0,56.56,0.0,Sunday,2,0,56.56,15
2026-02-09,Rice,444,444,395.42,0.0,191.22,204.2,Monday,2,0,191.22,100
2026-02-09,Dal,444,444,200.0,0.0,137.32,62.68,Monday,2,0,137.32,35
2026-02-09,Wheat,444,444,113.0,361.75,350.0,124.75,Monday,2,0,350.0,60
2026-02-09,Oil,444,444,56.56,0.0,32.25,24.31,Monday,2,0,32.25,15
2026-02-10,Rice,480,480,191.22,647.65,600.0,238.87,Tuesday,2,0,600.0,100
2026-02-10,Dal,480,480,137.32,0.0,65.98,71.34,Tuesday,2,0,65.98,35
2026-02-10,Wheat,480,480,350.0,0.0,228.06,121.94,Tuesday,2,0,228.06,60
2026-02-10,Oil,480,480,32.25,75.81,80.0,28.06,Tuesday,2,0,80.0,15
2026-02-11,Rice,419,419,600.0,0.0,407.22,192.78,Wednesday,2,0,407.22,100
2026-02-11,Dal,419,419,65.98,192.94,200.0,58.92,Wednesday,2,0,200.0,35
2026-02-11,Wheat,419,419,228.06,0.0,121.37,106.69,Wednesday,2,0,121.37,60
2026-02-11,Oil,419,419,80.0,0.0,56.49,23.51,Wednesday,2,0,56.49,15
2026-02-12,Rice,477,477,407.22,0.0,181.27,225.95,Thursday,2,0,181.27,100
2026-02-12,Dal,477,477,200.0,0.0,134.16,65.84,Thursday,2,0,134.16,35
2026-02-12,Wheat,477,477,121.37,367.79,350.0,139.16,Thursday,2,0,350.0,60
2026-02-12,Oil,477,477,56.49,0.0,28.97,27.52,Thursday,2,0,28.97,15
2026-02-13,Rice,465,465,181.27,638.87,600.0,220.14,Friday,2,0,600.0,100
2026-02-13,Dal,465,465,134.16,0.0,68.11,66.05,Friday,2,0,68.11,35
2026-02-13,Wheat,465,465,350.0,0.0,226.72,123.28,Friday,2,0,226.72,60
2026-02-13,Oil,465,465,28.97,78.15,80.0,27.12,Friday,2,0,80.0,15
2026-02-14,Rice,0,0,600.0,0.0,600.0,0.0,Saturday,2,0,600.0,100
2026-02-14,Dal,0,0,68.11,0.0,68.11,0.0,Saturday,2,0,68.11,35
2026-02-14,Wheat,0,0,226.72,0.0,226.72,0.0,Saturday,2,0,226.72,60
2026-02-14,Oil,0,0,80.0,0.0,80.0,0.0,Saturday,2,0,80.0,15
2026-02-15,Rice,0,0,600.0,0.0,600.0,0.0,Sunday,2,0,600.0,100
2026-02-15,Dal,0,0,68.11,0.0,68.11,0.0,Sunday,2,0,68.11,35
2026-02-15,Wheat,0,0,226.72,0.0,226.72,0.0,Sunday,2,0,226.72,60
2026-02-15,Oil,0,0,80.0,0.0,80.0,0.0,Sunday,2,0,80.0,15
2026-02-16,Rice,430,430,600.0,0.0,399.2,200.8,Monday,2,0,399.2,100
2026-02-16,Dal,430,430,68.11,193.12,200.0,61.23,Monday,2,0,200.0,35
2026-02-16,Wheat,430,430,226.72,0.0,113.83,112.89,Monday,2,0,113.83,60
2026-02-16,Oil,430,430,80.0,0.0,55.83,24.17,Monday,2,0,55.83,15
2026-02-17,Rice,416,416,399.2,0.0,196.99,202.21,Tuesday,2,0,196.99,100
2026-02-17,Dal,416,416,200.0,0.0,134.74,65.26,Tuesday,2,0,134.74,35
2026-02-17,Wheat,416,416,113.83,348.51,350.0,112.34,Tuesday,2,0,350.0,60
2026-02-17,Oil,416,416,55.83,0.0,32.9,22.93,Tuesday,2,0,32.9,15
2026-02-18,Rice,472,472,196.99,638.37,600.0,235.36,Wednesday,2,0,600.0,100
2026-02-18,Dal,472,472,134.74,0.0,65.96,68.78,Wednesday,2,0,65.96,35
2026-02-18,Wheat,472,472,350.0,0.0,230.58,119.42,Wednesday,2,0,230.58,60
2026-02-18,Oil,472,472,32.9,72.96,80.0,25.86,Wednesday,2,0,80.0,15
2026-02-19,Rice,442,442,600.0,0.0,387.25,212.75,Thursday,2,0,387.25,100
2026-02-19,Dal,442,442,65.96,200.87,200.0,66.83,Thursday,2,0,200.0,35
2026-02-19,Wheat,442,442,230.58,0.0,112.93,117.65,Thursday,2,0,112.93,60
2026-02-19,Oil,442,442,80.0,0.0,54.44,25.56,Thursday,2,0,54.44,15
2026-02-20,Rice,484,484,387.25,0.0,168.67,218.58,Friday,2,0,168.67,100
2026-02-20,Dal,484,484,200.0,0.0,133.24,66.76,Friday,2,0,133.24,35
2026-02-20,Wheat,484,484,112.93,358.93,350.0,121.86,Friday,2,0,350.0,60
2026-02-20,Oil,484,484,54.44,0.0,29.76,24.68,Friday,2,0,29.76,15
2026-02-21,Rice,0,0,168.67,0.0,168.67,0.0,Saturday,2,0,168.67,100
2026-02-21,Dal,0,0,133.24,0.0,133.24,0.0,Saturday,2,0,133.24,35
2026-02-21,Wheat,0,0,350.0,0.0,350.0,0.0,Saturday,2,0,350.0,60
2026-02-21,Oil,0,0,29.76,0.0,29.76,0.0,Saturday,2,0,29.76,15
2026-02-22,Rice,0,0,168.67,0.0,168.67,0.0,Sunday,2,0,168.67,100
2026-02-22,Dal,0,0,133.24,0.0,133.24,0.0,Sunday,2,0,133.24,35
2026-02-22,Wheat,0,0,350.0,0.0,350.0,0.0,Sunday,2,0,350.0,60
2026-02-22,Oil,0,0,29.76,0.0,29.76,0.0,Sunday,2,0,29.76,15
2026-02-23,Rice,463,463,168.67,658.52,600.0,227.19,Monday,2,0,600.0,100
2026-02-23,Dal,463,463,133.24,0.0,63.72,69.52,Monday,2,0,63.72,35
2026-02-23,Wheat,463,463,350.0,0.0,228.78,121.22,Monday,2,0,228.78,60
2026-02-23,Oil,463,463,29.76,74.8,80.0,24.56,Monday,2,0,80.0,15
2026-02-24,Rice,419,419,600.0,0.0,399.16,200.84,Tuesday,2,0,399.16,100
2026-02-24,Dal,419,419,63.72,192.13,200.0,55.85,Tuesday,2,0,200.0,35
2026-02-24,Wheat,419,419,228.78,0.0,114.37,114.41,Tuesday,2,0,114.37,60
2026-02-24,Oil,419,419,80.0,0.0,56.65,23.35,Tuesday,2,0,56.65,15
2026-02-25,Rice,464,464,399.16,0.0,188.17,210.99,Wednesday,2,0,188.17,100
2026-02-25,Dal,464,464,200.0,0.0,131.57,68.43,Wednesday,2,0,131.57,35
2026-02-25,Wheat,464,464,114.37,350.42,350.0,114.79,Wednesday,2,0,350.0,60
2026-02-25,Oil,464,464,56.65,0.0,32.39,24.26,Wednesday,2,0,32.39,15
2026-02-26,Rice,440,440,188.17,627.57,600.0,215.74,Thursday,2,0,600.0,100
2026-02-26,Dal,440,440,131.57,0.0,65.26,66.31,Thursday,2,0,65.26,35
2026-02-26,Wheat,440,440,350.0,0.0,233.51,116.49,Thursday,2,0,233.51,60
2026-02-26,Oil,440,440,32.39,71.94,80.0,24.33,Thursday,2,0,80.0,15
2026-02-27,Rice,454,454,600.0,0.0,388.07,211.93,Friday,2,0,388.07,100
2026-02-27,Dal,454,454,65.26,198.0,200.0,63.26,Friday,2,0,200.0,35
2026-02-27,Wheat,454,454,233.51,0.0,115.07,118.44,Friday,2,0,115.07,60
2026-02-27,Oil,454,454,80.0,0.0,53.34,26.66,Friday,2,0,53.34,15
2026-02-28,Rice,0,0,388.07,0.0,388.07,0.0,Saturday,2,0,388.07,100
2026-02-28,Dal,0,0,200.0,0.0,200.0,0.0,Saturday,2,0,200.0,35
2026-02-28,Wheat,0,0,115.07,0.0,115.07,0.0,Saturday,2,0,115.07,60
2026-02-28,Oil,0,0,53.34,0.0,53.34,0.0,Saturday,2,0,53.34,15
2026-03-01,Rice,0,0,388.07,0.0,388.07,0.0,Sunday,3,0,388.07,100
2026-03-01,Dal,0,0,200.0,0.0,200.0,0.0,Sunday,3,0,200.0,35
2026-03-01,Wheat,0,0,115.07,0.0,115.07,0.0,Sunday,3,0,115.07,60
2026-03-01,Oil,0,0,53.34,0.0,53.34,0.0,Sunday,3,0,53.34,15
2026-03-02,Rice,435,435,388.07,0.0,199.47,188.6,Monday,3,0,199.47,100
2026-03-02,Dal,435,435,200.0,0.0,137.87,62.13,Monday,3,0,137.87,35
2026-03-02,Wheat,435,435,115.07,348.02,350.0,113.09,Monday,3,0,350.0,60
2026-03-02,Oil,435,435,53.34,0.0,30.95,22.39,Monday,3,0,30.95,15
2026-03-03,Rice,385,385,199.47,594.42,600.0,193.89,Tuesday,3,0,600.0,100
2026-03-03,Dal,385,385,137.87,0.0,79.77,58.1,Tuesday,3,0,79.77,35
2026-03-03,Wheat,385,385,350.0,0.0,250.87,99.13,Tuesday,3,0,250.87,60
2026-03-03,Oil,385,385,30.95,71.07,80.0,22.02,Tuesday,3,0,80.0,15
2026-03-04,Rice,449,449,600.0,0.0,401.34,198.66,Wednesday,3,0,401.34,100
2026-03-04,Dal,449,449,79.77,186.47,200.0,66.24,Wednesday,3,0,200.0,35
2026-03-04,Wheat,449,449,250.87,0.0,133.87,117.0,Wednesday,3,0,133.87,60
2026-03-04,Oil,449,449,80.0,0.0,54.45,25.55,Wednesday,3,0,54.45,15
2026-03-05,Rice,426,426,401.34,0.0,185.34,216.0,Thursday,3,0,185.34,100
2026-03-05,Dal,426,426,200.0,0.0,137.87,62.13,Thursday,3,0,137.87,35
2026-03-05,Wheat,426,426,133.87,331.15,350.0,115.02,Thursday,3,0,350.0,60
2026-03-05,Oil,426,426,54.45,0.0,30.58,23.87,Thursday,3,0,30.58,15
2026-03-06,Rice,503,503,185.34,662.56,600.0,247.9,Friday,3,0,600.0,100
2026-03-06,Dal,503,503,137.87,0.0,63.38,74.49,Friday,3,0,63.38,35
2026-03-06,Wheat,503,503,350.0,0.0,221.44,128.56,Friday,3,0,221.44,60
2026-03-06,Oil,503,503,30.58,77.03,80.0,27.61,Friday,3,0,80.0,15
2026-03-07,Rice,0,0,600.0,0.0,600.0,0.0,Saturday,3,0,600.0,100
2026-03-07,Dal,0,0,63.38,0.0,63.38,0.0,Saturday,3,0,63.38,35
2026-03-07,Wheat,0,0,221.44,0.0,221.44,0.0,Saturday,3,0,221.44,60
2026-03-07,Oil,0,0,80.0,0.0,80.0,0.0,Saturday,3,0,80.0,15
2026-03-08,Rice,0,0,600.0,0.0,600.0,0.0,Sunday,3,0,600.0,100
2026-03-08,Dal,0,0,63.38,0.0,63.38,0.0,Sunday,3,0,63.38,35
2026-03-08,Wheat,0,0,221.44,0.0,221.44,0.0,Sunday,3,0,221.44,60
2026-03-08,Oil,0,0,80.0,0.0,80.0,0.0,Sunday,3,0,80.0,15
2026-03-09,Rice,434,434,600.0,0.0,393.56,206.44,Monday,3,0,393.56,100
2026-03-09,Dal,434,434,63.38,193.95,200.0,57.33,Monday,3,0,200.0,35
2026-03-09,Wheat,434,434,221.44,0.0,108.26,113.18,Monday,3,0,108.26,60
2026-03-09,Oil,434,434,80.0,0.0,58.05,21.95,Monday,3,0,58.05,15
2026-03-10,Rice,416,416,393.56,0.0,197.09,196.47,Tuesday,3,0,197.09,100
2026-03-10,Dal,416,416,200.0,0.0,140.86,59.14,Tuesday,3,0,140.86,35
2026-03-10,Wheat,416,416,108.26,344.75,350.0,103.01,Tuesday,3,0,350.0,60
2026-03-10,Oil,416,416,58.05,0.0,33.95,24.1,Tuesday,3,0,33.95,15
2026-03-11,Rice,425,425,197.09,587.31,600.0,184.4,Wednesday,3,0,600.0,100
2026-03-11,Dal,425,425,140.86,0.0,79.28,61.58,Wednesday,3,0,79.28,35
2026-03-11,Wheat,425,425,350.0,0.0,236.0,114.0,Wednesday,3,0,236.0,60
2026-03-11,Oil,425,425,33.95,69.67,80.0,23.62,Wednesday,3,0,80.0,15
2026-03-12,Rice,441,441,600.0,0.0,386.12,213.88,Thursday,3,0,386.12,100
2026-03-12,Dal,441,441,79.28,185.53,200.0,64.81,Thursday,3,0,200.0,35
2026-03-12,Wheat,441,441,236.0,0.0,118.53,117.47,Thursday,3,0,118.53,60
2026-03-12,Oil,441,441,80.0,0.0,55.29,24.71,Thursday,3,0,55.29,15
2026-03-13,Rice,443,443,386.12,0.0,167.26,218.86,Friday,3,0,167.26,100
2026-03-13,Dal,443,443,200.0,0.0,133.88,66.12,Friday,3,0,133.88,35
2026-03-13,Wheat,443,443,118.53,355.19,350.0,123.72,Friday,3,0,350.0,60
2026-03-13,Oil,443,443,55.29,0.0,31.98,23.31,Friday,3,0,31.98,15
2026-03-14,Rice,0,0,167.26,0.0,167.26,0.0,Saturday,3,0,167.26,100
2026-03-14,Dal,0,0,133.88,0.0,133.88,0.0,Saturday,3,0,133.88,35
2026-03-14,Wheat,0,0,350.0,0.0,350.0,0.0,Saturday,3,0,350.0,60
2026-03-14,Oil,0,0,31.98,0.0,31.98,0.0,Saturday,3,0,31.98,15
2026-03-15,Rice,0,0,167.26,0.0,167.26,0.0,Sunday,3,0,167.26,100
2026-03-15,Dal,0,0,133.88,0.0,133.88,0.0,Sunday,3,0,133.88,35
2026-03-15,Wheat,0,0,350.0,0.0,350.0,0.0,Sunday,3,0,350.0,60
2026-03-15,Oil,0,0,31.98,0.0,31.98,0.0,Sunday,3,0,31.98,15
2026-03-16,Rice,423,423,167.26,631.16,600.0,198.42,Monday,3,0,600.0,100
2026-03-16,Dal,423,423,133.88,0.0,71.73,62.15,Monday,3,0,71.73,35
2026-03-16,Wheat,423,423,350.0,0.0,244.75,105.25,Monday,3,0,244.75,60
2026-03-16,Oil,423,423,31.98,72.79,80.0,24.77,Monday,3,0,80.0,15
2026-03-17,Rice,400,400,600.0,0.0,411.56,188.44,Tuesday,3,0,411.56,100
2026-03-17,Dal,400,400,71.73,190.21,200.0,61.94,Tuesday,3,0,200.0,35
2026-03-17,Wheat,400,400,244.75,0.0,136.37,108.38,Tuesday,3,0,136.37,60
2026-03-17,Oil,400,400,80.0,0.0,57.3,22.7,Tuesday,3,0,57.3,15
2026-03-18,Rice,462,462,411.56,0.0,186.54,225.02,Wednesday,3,0,186.54,100
2026-03-18,Dal,462,462,200.0,0.0,135.13,64.87,Wednesday,3,0,135.13,35
2026-03-18,Wheat,462,462,136.37,348.45,350.0,134.82,Wednesday,3,0,350.0,60
2026-03-18,Oil,462,462,57.3,0.0,33.63,23.67,Wednesday,3,0,33.63,15
2026-03-19,Rice,468,468,186.54,628.57,600.0,215.11,Thursday,3,0,600.0,100
2026-03-19,Dal,468,468,135.13,0.0,67.38,67.75,Thursday,3,0,67.38,35
2026-03-19,Wheat,468,468,350.0,0.0,220.87,129.13,Thursday,3,0,220.87,60
2026-03-19,Oil,468,468,33.63,73.09,80.0,26.72,Thursday,3,0,80.0,15
2026-03-20,Rice,456,456,600.0,0.0,390.15,209.85,Friday,3,0,390.15,100
2026-03-20,Dal,456,456,67.38,202.24,200.0,69.62,Friday,3,0,200.0,35
2026-03-20,Wheat,456,456,220.87,0.0,94.39,126.48,Friday,3,0,94.39,60
2026-03-20,Oil,456,456,80.0,0.0,55.62,24.38,Friday,3,0,55.62,15
2026-03-21,Rice,0,0,390.15,0.0,390.15,0.0,Saturday,3,0,390.15,100
2026-03-21,Dal,0,0,200.0,0.0,200.0,0.0,Saturday,3,0,200.0,35
2026-03-21,Wheat,0,0,94.39,0.0,94.39,0.0,Saturday,3,0,94.39,60
2026-03-21,Oil,0,0,55.62,0.0,55.62,0.0,Saturday,3,0,55.62,15
2026-03-22,Rice,0,0,390.15,0.0,390.15,0.0,Sunday,3,0,390.15,100
2026-03-22,Dal,0,0,200.0,0.0,200.0,0.0,Sunday,3,0,200.0,35
2026-03-22,Wheat,0,0,94.39,0.0,94.39,0.0,Sunday,3,0,94.39,60
2026-03-22,Oil,0,0,55.62,0.0,55.62,0.0,Sunday,3,0,55.62,15
2026-03-23,Rice,515,515,390.15,0.0,167.4,222.75,Monday,3,0,167.4,100
2026-03-23,Dal,515,515,200.0,0.0,120.19,79.81,Monday,3,0,120.19,35
2026-03-23,Wheat,515,515,94.39,386.14,350.0,130.53,Monday,3,0,350.0,60
2026-03-23,Oil,515,515,55.62,0.0,27.02,28.6,Monday,3,0,27.02,15
2026-03-24,Rice,491,491,167.4,657.16,600.0,224.56,Tuesday,3,0,600.0,100
2026-03-24,Dal,491,491,120.19,0.0,48.31,71.88,Tuesday,3,0,48.31,35
2026-03-24,Wheat,491,491,350.0,0.0,224.87,125.13,Tuesday,3,0,224.87,60
2026-03-24,Oil,491,491,27.02,79.67,80.0,26.69,Tuesday,3,0,80.0,15
2026-03-25,Rice,459,459,600.0,0.0,387.07,212.93,Wednesday,3,0,387.07,100
2026-03-25,Dal,459,459,48.31,220.11,200.0,68.42,Wednesday,3,0,200.0,35
2026-03-25,Wheat,459,459,224.87,0.0,108.81,116.06,Wednesday,3,0,108.81,60
2026-03-25,Oil,459,459,80.0,0.0,54.05,25.95,Wednesday,3,0,54.05,15
2026-03-26,Rice,493,493,387.07,0.0,145.89,241.18,Thursday,3,0,145.89,100
2026-03-26,Dal,493,493,200.0,0.0,130.18,69.82,Thursday,3,0,130.18,35
2026-03-26,Wheat,493,493,108.81,368.57,350.0,127.38,Thursday,3,0,350.0,60
2026-03-26,Oil,493,493,54.05,0.0,26.73,27.32,Thursday,3,0,26.73,15
2026-03-27,Rice,440,440,145.89,656.88,600.0,202.77,Friday,3,0,600.0,100
2026-03-27,Dal,440,440,130.18,0.0,66.19,63.99,Friday,3,0,66.19,35
2026-03-27,Wheat,440,440,350.0,0.0,236.18,113.82,Friday,3,0,236.18,60
2026-03-27,Oil,440,440,26.73,78.06,80.0,24.79,Friday,3,0,80.0,15
2026-03-28,Rice,0,0,600.0,0.0,600.0,0.0,Saturday,3,0,600.0,100
2026-03-28,Dal,0,0,66.19,0.0,66.19,0.0,Saturday,3,0,66.19,35
2026-03-28,Wheat,0,0,236.18,0.0,236.18,0.0,Saturday,3,0,236.18,60
2026-03-28,Oil,0,0,80.0,0.0,80.0,0.0,Saturday,3,0,80.0,15
2026-03-29,Rice,0,0,600.0,0.0,600.0,0.0,Sunday,3,0,600.0,100
2026-03-29,Dal,0,0,66.19,0.0,66.19,0.0,Sunday,3,0,66.19,35
2026-03-29,Wheat,0,0,236.18,0.0,236.18,0.0,Sunday,3,0,236.18,60
2026-03-29,Oil,0,0,80.0,0.0,80.0,0.0,Sunday,3,0,80.0,15
2026-03-30,Rice,501,501,600.0,0.0,354.82,245.18,Monday,3,0,354.82,100
2026-03-30,Dal,501,501,66.19,206.81,200.0,73.0,Monday,3,0,200.0,35
2026-03-30,Wheat,501,501,236.18,0.0,108.25,127.93,Monday,3,0,108.25,60
2026-03-30,Oil,501,501,80.0,0.0,53.84,26.16,Monday,3,0,53.84,15
2026-03-31,Rice,480,480,354.82,0.0,119.65,235.17,Tuesday,3,0,119.65,100
2026-03-31,Dal,480,480,200.0,0.0,128.54,71.46,Tuesday,3,0,128.54,35
2026-03-31,Wheat,480,480,108.25,364.5,350.0,122.75,Tuesday,3,0,350.0,60
2026-03-31,Oil,480,480,53.84,0.0,27.8,26.04,Tuesday,3,0,27.8,15
